nombre;referencia;unidad medida;descrip;imagen;valor;iva;valorneto;idCat;idArea;idArea;;100%;;;;
camara;GV4HD1BMF36L3 C;UND;"CAMARA IR TIPO BALA METALICA AHD/TVI/CVI/CVBS 1/4 CMOS
 720P LENTE 3.6MM  3 PCS ARRAY LED 35 MTS
";;$ 85.040 ;$ 16.158 ;$ 101.198 ;4 EN 1 BALA 720P;2;1;Camaras;$ 42.520 ;;;1;informatica
camara;GV4HD2BMVL4;UND;"CAMARA TIPO BALA METALICA VARIFOCAL 
AHD/TVI/CVI/CVBS 1/3 CMOS 1080P 2.8-12MM 3PCS ARRAY LED 50 M";;$ 150.136 ;$ 28.526 ;$ 178.662 ;4 EN 1 BALA 1080P;2;2;Dvr;$ 75.068 ;;;2;electronica
camara;GV4HD2DMF28L24;UND;"CAMARA IR TIPO DOMO METALICO 
AHD/TVI/CVI/CVBS 1/4 CMOS 1080P LENTE 2.8MM 24 PCS IR LED 20 MTS";;$ 112.240 ;$ 21.326 ;$ 133.566 ;4 EN 1 DOMO 1080P;2;3;Nvr;$ 56.120 ;;;3;electrica
camara;GV4HD2DMVL2;UND;"CAMARA TIPO DOMO METALICA VARIFOCAL
 AHD/TVI/CVI/CVBS 1/3 CMOS 1080P 2.8-12MM 2PCS ARRAY LED 25M";;$ 140.864 ;$ 26.764 ;$ 167.628 ;5 EN 1 DOMO 1080P;2;4;Accesorios;$ 70.432 ;;;4;refrigeracion 
camara;GV4HD2DMF18L3;UND;"CAMARA IR TIPO DOMO FIJO 
HD/TVI/CVI/CVBS 1/3 CMOS 1080P 1.8MM 3 LED ARRAY 10M";;$ 174.040 ;$ 33.068 ;$ 207.108 ;6 EN 1 DOMO 1080P;2;5;Alarmas;$ 87.020 ;;;5;gestion
camara;GV56C0TDPF28;UND;"CAMARA TURBO HD-TVI/CVBS IR TIPO DOMO PLASTICO 1/4 CMOS HD720P
 LENTE 2.8 MM 20M";;$ 64.518 ;$ 12.258 ;$ 76.776 ;HDTVI DOMO 720P;2;6;Software;$ 32.259 ;;;;
camara;GV56C0TDMF28;UND;"CAMARA TURBO HD-TVI IR TIPO DOMO 
METALICO 1/4 CMOS HD720P LENTE 2.8 MM 20M IP66";;$ 79.766 ;$ 15.156 ;$ 94.922 ;HDTVI DOMO 720P;2;7;Ups;$ 39.883 ;;;;
camara;GV56C0TDMF28T1 ;UND;"CAMARA TURBO HD-TVI EXIR TIPO DOMO 
720P 1/4 CMOS LENTE 2.8MM";;$ 101.576 ;$ 19.299 ;$ 120.875 ;HDTVI DOMO 720P;2;8;Contro_acceso;$ 50.788 ;;;;
camara;GV56C0TDMAVF28;UND;"CAMARA TURBO HD-TVI TIPO DOMO 
ANTIVANDALICO 20 MTS 1/4 CMOS 720P LENTE 2.8MM 18 PCS IR LED";;$ 128.064 ;$ 24.332 ;$ 152.396 ;HDTVI DOMO 720P;2;9;Sirenas ;$ 64.032 ;;;;
camara;GV56C0TDMF36T3;UND;"CAMARA TURBO HD-TVI EXIR TIPO DOMO
 720P 1/4 CMOS LENTE 3.6MM 40 MTS ILUMINACION";;$ 142.306 ;$ 27.038 ;$ 169.344 ;HDTVI DOMO 720P;2;10;Herramientas;$ 71.153 ;;;;
camara;GV56C2TDMVF3;UND;"CAMARA TURBO HD-TVI IR TIPO DOMO 
VARIFOCAL LENTE 2.8-12MM. 1/3 CMOS. HD720 IP66 50 MTS IR";;$ 192.142 ;$ 36.507 ;$ 228.649 ;HDTVI DOMO 720P;2;;;$ 96.071 ;;;;
camara;GV56D0TDPF28;UND;"CAMARA TURBO HD-TVI IR TIPO DOMO 
PLASTICO CMOS 2MP HD1080P LENTE 2.8MM 20M IP66";;$ 99.000 ;$ 18.810 ;$ 117.810 ;HDTVI DOMO 1080P;2;;;$ 49.500 ;;;;
camara;GV56D1DPPF28;UND;"CAMARA TURBO HD-TVI IR TIPO DOMO
 PLASTICO 1/3 CMOS HD1080P LENTE 2.8MM 20M";;$ 110.400 ;$ 20.976 ;$ 131.376 ;HDTVI DOMO 1080P;2;;;$ 55.200 ;;;;
camara;GV56D1DPM28;UND;"CAMARA TURBO HD-TVI IR TIPO DOMO 
METALICO/PLASTICO 1/3 CMOS HD1080P LENTE 2.8MM 20M IP66";;$ 123.956 ;$ 23.552 ;$ 147.508 ;HDTVI DOMO 1080P;2;;;$ 61.978 ;;;;
camara;GV56D1DMVF3;UND;"CAMARA TURBO HD-TVI TIPO DOMO 
VARIFOCAL LENTE 2.8-12MM. 1/3 CMOS. HD1080P IP66 40 MTS IR IP66";;$ 256.094 ;$ 48.658 ;$ 304.752 ;HDTVI DOMO 1080P;2;;;$ 128.047 ;;;;
camara;GV16C0TBPF28;UND;"CAMARA TURBO HD-TVI/CVBS TIPO BALA 
PLASTICA 1/4 CMOS HD720P LENTE 2.8MM 20 MTS";;$ 65.294 ;$ 12.406 ;$ 77.700 ;HDTVI BALA 720P;2;;;$ 32.647 ;;;;
camara;GV16C0TBMF36;UND;"CAMARA TURBO HD-TVI/CVBS IR TIPO 
BALA METALICA 1/4 CMOS HD720P LENTE 3.6 MM IP66 20 MTS";;$ 84.566 ;$ 16.068 ;$ 100.634 ;HDTVI BALA 720P;2;;;$ 42.283 ;;;;
camara;GV16C0TBMF36T1;UND;"CAMARA TURBO HD-TVI EXIR TIPO BALA 
METALICA 1/4 CMOS HD720P LENTE 3.6 MM IP66 IR 20 MTS DNR";;$ 101.576 ;$ 19.299 ;$ 120.875 ;HDTVI BALA 720P;2;;;$ 50.788 ;;;;
camara;GV16C0TBMF36T3;UND;"CAMARA TURBO HD-TVI EXIR TIPO BALA 
METALICA 1MP CMOS HD720P LENTE 3.6 MM IP66 IR 40 MTS DNR";;$ 135.176 ;$ 25.683 ;$ 160.859 ;HDTVI BALA 720P;2;;;$ 67.588 ;;;;
camara;GV16C0T5BMF6T5;UND;"CAMARA TURBO HD-TVI EXIR TIPO BALA 
METALICA 1/4 CMOS HD720P LENTE 6 MM IP66 IR 80 MTS DNR";;$ 150.142 ;$ 28.527 ;$ 178.669 ;HDTVI BALA 720P;2;;;$ 75.071 ;;;;
camara;GV16C2TBMVF3;UND;"CAMARA TURBO HD-TVI IR TIPO BALA 
VARIFOCAL 2.8-12MM. 1/3 CMOS. HD720 42 PCS IR LEDS IP66 40 M";;$ 192.142 ;$ 36.507 ;$ 228.649 ;HDTVI BALA 720P;2;;;$ 96.071 ;;;;
camara;GV16D0TBPF28;UND;"CAMARA TURBO HD-TVI IR TIPO BALA 
PLASTICA 10-20M IP66 2MPCMOS HD1080P LENTE 2.8 MM IP66 20 MT";;$ 99.672 ;$ 18.938 ;$ 118.610 ;HDTVI BALA 1080P;2;;;$ 49.836 ;;;;
camara;GV16D0TBMF36;UND;"CAMARA TURBO HD-TVI IR TIPO BALA 
METALICA 10-20M IP66 2MPCMOS HD1080P LENTE 3.6 MM IP66 20 MT";;$ 101.860 ;$ 19.353 ;$ 121.213 ;HDTVI BALA 1080P;2;;;$ 50.930 ;;;;
camara;GV16D1BMVF3;UND;"CAMARA TURBO HD-TVI IR TIPO BALA 
VARIFOCAL METALICA 2.8-12MM. 1/3 CMOS HD1080P IP66 40M IP66 OSD";;$ 256.166 ;$ 48.672 ;$ 304.838 ;HDTVI BALA 1080P;2;;;$ 128.083 ;;;;
camara;GVAHD1DPF28L24;UND;"CAMARA AHD IR TIPO DOMO PLASTICO 
1/4 CMOS 720P 2.8MM 24 PCS IR LED";;$ 58.560 ;$ 11.126 ;$ 69.686 ;AHD DOMO 720P;2;;;$ 29.280 ;;;;
camara;AHDDM720PF36L24;UND;"CAMARA AHD IR TIPO DOMO METALICO 
1/4 CMOS 720P 3.6MM 24 PCS IR LED";;$ 67.978 ;$ 12.916 ;$ 80.894 ;AHD DOMO 720P;2;;;$ 33.989 ;;;;
camara;GVAHD1DMF28L24;UND;"CAMARA AHD IR TIPO DOMO METALICO 
1/4 CMOS 720P 2.8MM 24 PCS IR LED";;$ 74.240 ;$ 14.106 ;$ 88.346 ;AHD DOMO 720P;2;;;$ 37.120 ;;;;
camara;AHDDM720PF28L24;UND;"CAMARA AHD IR TIPO DOMO METALICO 
1/4 CMOS 720P 2.8MM 24 PCS IR LED";;$ 88.812 ;$ 16.874 ;$ 105.686 ;AHD DOMO 720P;2;;;$ 44.406 ;;;;
camara;AHDDM720PF36L12;UND;"CAMARA AHD IR TIPO DOMO ANTIVANDALICO
 METALICO AHD 1/4 CMOS 720P 3.6MM 12 PCS IR LED 10MTS MENU OSD";;$ 90.000 ;$ 17.100 ;$ 107.100 ;AHD DOMO 720P;2;;;$ 45.000 ;;;;
camara;GVAHD1DMPVL36;UND;"CAMARA AHD IR TIPO DOMO METALICO 
PLASTICO VARIFOCAL 1/4 CMOS 720P 2.8-12MM 36 PCS IR LED 15MTS";;$ 115.200 ;$ 21.888 ;$ 137.088 ;AHD DOMO 720P;2;;;$ 57.600 ;;;;
camara;AHDDM720PV2812L36;UND;"CAMARA AHD IR TIPO DOMO METALICO 
VARIFOCAL 1/4 CMOS 720P 2.8- 12MM 36 PCS IR LED";;$ 141.602 ;$ 26.904 ;$ 168.506 ;AHD DOMO 720P;2;;;$ 70.801 ;;;;
camara;GVAHD1DMF18L3;UND;"CAMARA AHD IR TIPO DOMO FIJO 1/4 
CMOS 720P 1.8MM 3 PCS ARRAY LED 10MTS";;$ 148.560 ;$ 28.226 ;$ 176.786 ;AHD DOMO 720P;2;;;$ 74.280 ;;;;
camara;GVAHD1BMF36L24;UND;"CAMARA AHD IR TIPO BALA METALICA 1/4 
CMOS 720P LENTE 3.6MM 24 PCS IR LED";;$ 77.360 ;$ 14.698 ;$ 92.058 ;AHD BALA 720P;2;;;$ 38.680 ;;;;
camara;GVAHD1BMVL42;UND;"CAMARA AHD IR TIPO BALA METALICA 
VARIFOCAL 1/4 CMOS 720P LENTE 2.8-12MM 42 PCS IR LED";;$ 156.640 ;$ 29.762 ;$ 186.402 ;AHD BALA 720P;2;;;$ 78.320 ;;;;
camara;GVAHD2BMVL72SL;UND;"CAMARA AHD IR TIPO BALA METALICA 
VARIFOCAL 1/2.8 CMOS 1080 2.8-12MM 72 PCS IR LED OSD";;$ 284.000 ;$ 53.960 ;$ 337.960 ;AHD BALA 1080P;2;;;$ 142.000 ;;;;
camara;GVIP2DPTMBF4L4;UND;"CAMARA TIPO PT IP BALA PARA EXTERIORES
 1/2.7"" SONY CMOS 2MP 4X 4MM 4 PCS LED ARRAY IP66";;$ 386.800 ;$ 73.492 ;$ 460.292 ;AHD PT 2MP;2;;;$ 193.400 ;;;;
camara;GVIP2DPTZMBVL4;UND;"CAMARA TIPO PTZ IP BALA VARIFOCAL 
PARA EXTERIORES 1/2.7"" SONYCMOS 2MP 4X 2.8-12MM 4 LED ARRAY";;$ 458.196 ;$ 87.057 ;$ 545.253 ;AHD PT 2MP;2;;;$ 229.098 ;;;;
camara;GVIP2710VS;UND;"CAMARA IP TIPO DOMO VARIFOCAL 1/3
 PROGRESS. CMOS 1.3 MP 2.8- 12MM ALARMA I/O IP66 ICR POE DWDR FUENTE";;$ 436.600 ;$ 82.954 ;$ 519.554 ;IP DOMO 1.3 MP;2;;;$ 218.300 ;;;;
camara;GVIP2DMF18L3;UND;"CAMARA IP TIPO DOMO FIJO 1/3 CMOS
 1080P 1.8MM 3 PCS ARRAY LED 10MTS";;$ 297.200 ;$ 56.468 ;$ 353.668 ;IP DOMO 2 MP;2;;;$ 148.600 ;;;;
camara;GVIP2720V;UND;"CAMARA IP TIPO DOMO VARIFOCAL 1/3 
CMOS 2MP 2.8-12MM IP66 ICR POE DWDR 3D DNR SD HASTA 64GB FUENT";;$ 549.526 ;$ 104.410 ;$ 653.936 ;IP DOMO 2 MP;2;;;$ 274.763 ;;;;
camara;GVMCMAHDF28L18;UND;"CAMARAL AHD VEHICULAR TIPO 
RECTANGULAR IR 1/4 CMOS 720P 2.8MM 18 PCS IR LEDS CONECTOR TIPO AVIO";;$ 71.600 ;$ 13.604 ;$ 85.204 ;SOLUCION MOVIL CAMARA AHD VEHICULAR;2;;;$ 35.800 ;;;;
camara;GVMDMAHDF28L12;UND;"CAMARA AHD VEHICULAR TIPO MINI 
DOMO IR 1/4 CMOS 720P 2.8MM 12 PCS IR LEDS CONECTO TIPO AVION";;$ 76.646 ;$ 14.563 ;$ 91.209 ;SOLUCION MOVIL CAMARA AHD VEHICULAR;2;;;$ 38.323 ;;;;
camara;GVMDIP13MF28;UND;"CAMARA IP VEHICULAR TIPO MINI DOMO
IR 8M 1/3 CMOS 1,3 MP 2.8MM WDR IP66 /IP65 ANTIVANDALICA POE";;$ 455.600 ;$ 86.564 ;$ 542.164 ;SOLUCION MOVIL CAMARA IP VEHICULAR;2;;;$ 227.800 ;;;;
camara;GVMIPC13F28EXT;UND;"CAMARA IP VEHICULAR TIPO MINI DOMO 
IR 8M 1/3 CMOS 1.3 MP 2.8 MM WDR IP67 ANTIVANDALICA H.264";;$ 455.600 ;$ 86.564 ;$ 542.164 ;SOLUCION MOVIL CAMARA IP VEHICULAR;2;;;$ 227.800 ;;;;
camara;DS2CE56C0TIRPF28;UND;"CAMARA TURBO 4 HD TVI/AHD/CVBS/CVI/
CVBS IR TIPO DOMO PLASTICO 1/4 CMOS 720P 2.8 MM 20M 12PCS IR LEDS";;$ 63.960 ;$ 12.152 ;$ 76.112 ;4 EN 1 DOMO 720P;2;;;$ 31.980 ;;;;
camara;DS2CE56C0TIRMF28;UND;"CAMARA TURBO 4 HD TVI/AHD/CVBS/CVI IR 
TIPO DOMO METALICO 1/4 CMOS 720P 2.8 MM 20M 24 PCS IR LEDS IP";;$ 84.382 ;$ 16.033 ;$ 100.415 ;4 EN 1 DOMO 720P;2;;;$ 42.191 ;;;;
camara;DS2CE56C0TIT1F28;UND;"CAMARA TURBO 4 HD TVI/AHD/CVBS/CVI/
CVBS EXIR TIPO DOMO 720P 1/4 CMOS 2.8MM 20 MTS IR";;$ 123.600 ;$ 23.484 ;$ 147.084 ;4 EN 1 DOMO 720P;2;;;$ 61.800 ;;;;
camara;DS2CE16C0TIRPF28;UND;"CAMARA TURBO 4 HD TVI/AHD/CVBS/CVI TIPO
 BALA PLASTICA 1/4 CMOS 720P 2.8MM 20 MTS 24 IR LEDS IP66";;$ 66.542 ;$ 12.643 ;$ 79.185 ;4 EN 1 BALA 720P;2;;;$ 33.271 ;;;;
camara;DS2CE16C0TIRF;UND;"CAMARA TURBO 4 HD TVI/AHD/CVBS/CVI IR 
TIPO BALA METALICA 1/4 CMOS 720P 3.6MM IP66 20 MTS 24 IR LEDS";;$ 84.210 ;$ 16.000 ;$ 100.210 ;4 EN 1 BALA 720P;2;;;$ 42.105 ;;;;
camara;DS2CE16C0TIT1F;UND;"CAMARA TURBO 4 HD TVI/AHD/CVBS/CVI/CVBS
 EXIR TIPO BALA METALICA 1/4 CMOS 720P 3.6MM IP66 IR 20 MTS";;$ 120.820 ;$ 22.956 ;$ 143.776 ;4 EN 1 BALA 720P;2;;;$ 60.410 ;;;;
camara;DS2CE16C0TIT3F;UND;"CAMARA TURBO 4 HD TVI/AHD/CVBS/CVI EXIR 
TIPO BALA METALICA 1/4 CMOS 720P 3.6 MM IP66 IR 40 MTS DNR";;$ 144.200 ;$ 27.398 ;$ 171.598 ;4 EN 1 BALA 720P;2;;;$ 72.100 ;;;;
camara;DS2CE56D0TIRPF28;UND;"CAMARA TURBO 4 HD TVI/AHD/CVBS/CVI IR
 TIPO DOMO PLASTICO 2MP CMOS IMAGE SENSOR 1080P 2.8 MM 20 MTS";;$ 93.466 ;$ 17.759 ;$ 111.225 ;4 EN 1 DOMO 1080P;2;;;$ 46.733 ;;;;
camara;DS2CE56D0TIRMF28;UND;"CAMARA TURBO 4HD TVI/AHD/CVBS/CVI IR
 TIPO DOMO METALICO 2MP CMOS IMAG SENSOR 1080P 2.8MM 20MTS 24LED";;$ 112.286 ;$ 21.334 ;$ 133.620 ;4 EN 1 DOMO 1080P;2;;;$ 56.143 ;;;;
camara;DS2CE56D0TIT1F28;UND;"CAMARA TURBO 4 HD TVI/AHD/CVBS/CVI IR 
TIPO DOMO EXIR 2MP CMOS IMAGE SENSOR 1080P 2.8 MM 20 MTS";;$ 164.800 ;$ 31.312 ;$ 196.112 ;4 EN 1 DOMO 1080P;2;;;$ 82.400 ;;;;
camara;DS2CE56D0TVFIR3F;UND;"CAMARA TURBO 4 HD TVI/AHD/CVBS/CVI TIPO
 DOMO 2MP CMOS 1080P 2.8-12MM 40 MTS IP66";;$ 256.572 ;$ 48.749 ;$ 305.321 ;4 EN 1 DOMO 1080P;2;;;$ 128.286 ;;;;
camara;DS2CE16D0TIRPF28;UND;"CAMARA TURBO 4 HD TVI/AHD/CVBS/CVI IR 
TIPO BALA PLASTICA20M IP66 1/3 CMOS 1080P 2.8MM IP66 24 LEDS";;$ 98.964 ;$ 18.803 ;$ 117.767 ;4 EN 1 BALA 1080P;2;;;$ 49.482 ;;;;
camara;DS2CE56C0TIRP28;UND;"CAMARA TURBO HD-TVI/CVBS IR TIPO DOMO 
PLASTICO 1/4 CMOS HD720P LENTE 2.8 MM 10-20M 12PCS IR LEDS";;$ 68.000 ;$ 12.920 ;$ 80.920 ;TURBO HD DOMO 720P ;2;;;$ 34.000 ;;;;
camara;DS2CE56C0TIRM28;UND;"CAMARA TURBO HD-TVI IR TIPO DOMO METALICO
 1/4 CMOS HD720P LENTE 2.8 MM 20M 24 PCS IR LEDS IP66";;$ 84.728 ;$ 16.098 ;$ 100.826 ;TURBO HD DOMO 720P ;2;;;$ 42.364 ;;;;
camara;DS2CE56C0TIRM;UND;"CAMARA TURBO HD-TVI IR TIPO DOMO 
METALICO 1/4 CMOS HD720P LENTE 3.6 MM 20M IP66";;$ 93.334 ;$ 17.733 ;$ 111.067 ;TURBO HD DOMO 720P ;2;;;$ 46.667 ;;;;
camara;DS2CE56C2TIRM28;UND;"CAMARA TURBO HD-TVI IR TIPO DOMO 
METALICO 1/3 CMOS HD720P LENTE 2.8 MM 20M IP66";;$ 109.112 ;$ 20.731 ;$ 129.843 ;TURBO HD DOMO 720P ;2;;;$ 54.556 ;;;;
camara;DS2CE56C2TIRP28;UND;"CAMARA TURBO HD-TVI IR TIPO DOMO 
PLASTICO 1/3 CMOS HD720P LENTE 2.8 MM 20M IP66";;$ 116.878 ;$ 22.207 ;$ 139.085 ;TURBO HD DOMO 720P ;2;;;$ 58.439 ;;;;
camara;DS2CE56C0TIT3;UND;"CAMARA TURBO HD-TVI EXIR TIPO DOMO 
720P 1/4 CMOS LENTE 3.6MM 40 MTS ILUMINACION";;$ 139.140 ;$ 26.437 ;$ 165.577 ;TURBO HD DOMO 720P ;2;;;$ 69.570 ;;;;
camara;DS2CE56C0TVPIR28;UND;"CAMARA TURBO HD-TVI TIPO DOMO 
ANTIVANDALICO 20 MTS 1/4 CMOS 720P LENTE 2.8MM 18 PCS IR LED";;$ 147.898 ;$ 28.101 ;$ 175.999 ;TURBO HD DOMO 720P ;2;;;$ 73.949 ;;;;
camara;DS2CE56C2TIT1;UND;"CAMARA TURBO HD-TVI EXIR TIPO DOMO 720P
 1/3 CMOS LENTE 3.6MM";;$ 149.354 ;$ 28.377 ;$ 177.731 ;TURBO HD DOMO 720P ;2;;;$ 74.677 ;;;;
camara;DS2CE56C2TIT3;UND;"CAMARA TURBO HD-TVI EXIR TIPO DOMO 1/3 
CMOS HD720P LENTE 3.6MM IR 40MTS IP66 BLC";;$ 156.498 ;$ 29.735 ;$ 186.233 ;TURBO HD DOMO 720P ;2;;;$ 78.249 ;;;;
camara;DS2CE56C0TIT128;UND;"CAMARA TURBO HD-TVI/CVBS EXIR TIPO 
DOMO 720P 1/4 CMOS LENTE 2.8MM 20 MTS IR";;$ 158.678 ;$ 30.149 ;$ 188.827 ;TURBO HD DOMO 720P ;2;;;$ 79.339 ;;;;
camara;DS2CE56C2TVFIR3;UND;"CAMARA TURBO HD-TVI IR TIPO DOMO 
VARIFOCAL LENTE 2.8-12MM 1/3 CMOS HD720 IP66 40 MTS 42 PCS IR LEDS";;$ 230.000 ;$ 43.700 ;$ 273.700 ;TURBO HD DOMO 720P ;2;;;$ 115.000 ;;;;
camara;DS2CE56C5TVFIT3;UND;"CAMARA TURBO HD-TVI EXIR TIPO DOMO 
VARIFOCAL LENTE 2.8-12MM, 1/3 CMOS, HD720 IP66 50 MTS IR DWDR";;$ 412.000 ;$ 78.280 ;$ 490.280 ;TURBO HD DOMO 720P ;2;;;$ 206.000 ;;;;
camara;DS2CE16C0TIR;UND;"CAMARA TURBO HD-TVI IR TIPO BALA 
METALICA 1/4 CMOS HD720P LENTE 3.6 MM IP66 20 MTS 24 PCS IR LEDS";;$ 84.728 ;$ 16.098 ;$ 100.826 ;TURBO HD BALA 720P;2;;;$ 42.364 ;;;;
camara;DS2CE16C2TIRP;UND;"CAMARA TURBO HD-TVI IR TIPO BALA 
PLASTICA 1/3 CMOS HD720P LENTE 3.6 MM IP66 20 MTS";;$ 92.000 ;$ 17.480 ;$ 109.480 ;TURBO HD BALA 720P;2;;;$ 46.000 ;;;;
camara;DS2CE16C0TIT1;UND;"CAMARA TURBO HD-TVI/CVBS EXIR 
TIPO BALA METALICA 1/4 CMOS HD720P LENTE 3.6MM IP66 IR 20 MTS DN";;$ 123.600 ;$ 23.484 ;$ 147.084 ;TURBO HD BALA 720P;2;;;$ 61.800 ;;;;
camara;DS2CE16C0TIT3;UND;"CAMARA TURBO HD-TVI EXIR TIPO 
BALA METALICA 1/4 CMOS HD720P LENTE 3.6 MM IP66 IR 40 MTS DNR";;$ 164.400 ;$ 31.236 ;$ 195.636 ;TURBO HD BALA 720P;2;;;$ 82.200 ;;;;
camara;DS2CE16C2TIT1;UND;"CAMARATURBO EXIR TIPO BALA METALICA
  1/3 CMOS HD720P LENTE 3.6 MM IP66 20 MTS HDTVI";;$ 166.926 ;$ 31.716 ;$ 198.642 ;TURBO HD BALA 720P;2;;;$ 83.463 ;;;;
camara;DS2CE16C0TIT5;UND;"CAMARA TURBO HD-TVI/CVBS 2 PCS
 EXIR TIPO BALA METALICA 1/4 CMOS HD720P LENTE 6 MM IP66 IR 80 MTS DNR";;$ 172.528 ;$ 32.780 ;$ 205.308 ;TURBO HD BALA 720P;2;;;$ 86.264 ;;;;
camara;DS2CE16C2TVFIR3;UND;"CAMARA TURBO HD-TVI IR TIPO BALA 
VARIFOCAL 2.8-12MM, 1/3 CMOS, HD720 42 PCS IR LEDS IP66 40 M";;$ 229.544 ;$ 43.613 ;$ 273.157 ;TURBO HD BALA 720P;2;;;$ 114.772 ;;;;
camara;DS2CE56D0TIRP28;UND;"CAMARA TURBO HD-TVI IR TIPO DOMO 
PLASTICO 2MP CMOS IMAGE SENSOR HD1080P LENTE 2.8 MM 20 MTS";;$ 104.032 ;$ 19.766 ;$ 123.798 ;TURBO HD DOMO 1080P;2;;;$ 52.016 ;;;;
camara;DS2CE56D0TIRM;UND;"CAMARA TURBO HD-TVI IR TIPO DOMO 
METALICO 2MP CMOS IMAGE SENSOR HD1080P LENTE 3.6 MM 20 MTS 24 LEDS";;$ 155.500 ;$ 29.545 ;$ 185.045 ;TURBO HD DOMO 1080P;2;;;$ 77.750 ;;;;
camara;DS2CE56D0TIT128;UND;"CAMARA TURBO HD-TVI IR TIPO DOMO 
EXIR 2MP CMOS IMAGE SENSOR HD1080P LENTE 2.8 MM 20 MTS";;$ 160.766 ;$ 30.546 ;$ 191.312 ;TURBO HD DOMO 1080P;2;;;$ 80.383 ;;;;
camara;DS2CE56D1TVFIR3;UND;"CAMARA TURBO HD-TVI TIPO DOMO 
VARIFOCAL LENTE 2.8-12MM, 1/2,7"" CMOS, HD1080P IP66 40 MTS IR IP66";;$ 301.060 ;$ 57.201 ;$ 358.261 ;TURBO HD DOMO 1080P;2;;;$ 150.530 ;;;;
camara;DS2CE56D5TIT3;UND;"CAMARA TURBO HD-TVI EXIR TIPO DOMO
 1/3 CMOS HD1080P LENTE 3.6MM WDR IR 40MTS IP66 OSD";;$ 334.206 ;$ 63.499 ;$ 397.705 ;TURBO HD DOMO 1080P;2;;;$ 167.103 ;;;;
camara;DS2CE56D5TVFIT3;UND;"CAMARA TURBO HD-TVI EXIR TIPO DOMO
 VARIFOCAL LENTE2.8-12MM, 1/3 CMOS, HD1080P IP66 50 MTS IR WDR";;$ 618.000 ;$ 117.420 ;$ 735.420 ;TURBO HD DOMO 1080P;2;;;$ 309.000 ;;;;
camara;DS2CE16D0TIRP28;UND;"CAMARA TURBO HD-TVI IR TIPO BALA 
PLASTICA 10-20M IP66 2MP CMOS HD1080P LENTE 2.8 MM IP66 20 MT";;$ 108.738 ;$ 20.660 ;$ 129.398 ;TURBO HD BALA 1080P;2;;;$ 54.369 ;;;;
camara;DS2CE16D0TIRF;UND;"CAMARA TURBO 4 HD TVI/AHD/CVBS/CVI IR TIPO BALA METALICA 20M IP66 
1/4 CMOS 1080P 3.6 MM IP66 24 LEDS";;$ 112.890 ;$ 21.449 ;$ 134.339 ;TURBO HD BALA 1080P;2;;;$ 56.445 ;;;;
camara;DS2CE16D0TIR;UND;"CAMARA TURBO HD-TVI IR TIPO BALA 
METALICA 20 MTS IP66 2MP CMOS HD1080P LENTE 3.6 MM IP66 24 LED";;$ 122.178 ;$ 23.214 ;$ 145.392 ;TURBO HD BALA 1080P;2;;;$ 61.089 ;;;;
camara;DS2CE16D0TIT1F;UND;"CAMARA TURBO 4HD TVI/AHD/CVBS/CVI 
IR TIPO BALA METALICA EXIR 2MP CMOS 1080P 3.6MM 20MTS";;$ 162.844 ;$ 30.940 ;$ 193.784 ;TURBO HD BALA 1080P;2;;;$ 81.422 ;;;;
camara;DS2CE16D1TIRP;UND;"CAMARA TURBO HD-TVI IR TIPO BALA 
PLASTICA 10-20M IP66 1/2.7"" CMOS HD1080P LENTE 3.6 MM 20 MTS";;$ 197.144 ;$ 37.457 ;$ 234.601 ;TURBO HD BALA 1080P;2;;;$ 98.572 ;;;;
camara;DS2CE16D0TVFIR3F;UND;"CAMARA TURBO 4 HD TVI/AHD/CVBS/CVI
 TIPO BALA 2MP CMOS 1080P 2.8-12MM 40 MTS IP66";;$ 265.736 ;$ 50.490 ;$ 316.226 ;TURBO HD BALA 1080P;2;;;$ 132.868 ;;;;
camara;DS2CE16D5TIR;UND;"CAMARA TURBO HD-TVI IR TIPO BALA 
METALICA 10-20M IP66 1/3 CMOS WDR HD1080P LENTE 3.6 MM IP66 20 MTS";;$ 297.708 ;$ 56.565 ;$ 354.273 ;TURBO HD BALA 1080P;2;;;$ 148.854 ;;;;
camara;DS2CE16D1TVFIR3;UND;"CAMARA TURBO HD-TVI TIPO BALA 
VARIFOCAL IR METALICA 2.8-12MM, 1/2.7"" CMOS HD1080P IP66 40M IP66 O";;$ 317.830 ;$ 60.388 ;$ 378.218 ;TURBO HD BALA 1080P;2;;;$ 158.915 ;;;;
camara;DS2CE16D7TIT3Z;UND;"CAMARA TURBO HD-TVI EXIR TIPO BALA
 VARIFOCAL 2.8-12MM MOTORIZADO 2MP CMOS HD1080P IP66 40M WDR+ICR";;$ 422.280 ;$ 80.233 ;$ 502.513 ;TURBO HD BALA 1080P;2;;;$ 211.140 ;;;;
camara;DS2CE16F7TIT3Z;UND;"CAMARA TURBO HD-TVI TIPO BALA 
SENSOR 3MP CMOS 3MP LENTE MOTORIZADO 2.8-12 MM 40 M LED EXIR WDR 120DB";;$ 587.100 ;$ 111.549 ;$ 698.649 ;TURBO HD BALA 1080P;2;;;$ 293.550 ;;;;
camara;DS2CE16D5TVFIT3;UND;"CAMARA TURBO HD-TVI EXIR TIPO BALA 
VARIFOCAL 2.8-12MM 2MP CMOS HD1080P IP66 50M WDR+ICR";;$ 602.226 ;$ 114.423 ;$ 716.649 ;TURBO HD BALA 1080P;2;;;$ 301.113 ;;;;
camara;DS2CE56F1TITM28;UND;"CAMARA TURBO HD-TVI IR TIPO DOMO
 METALICO EXIR SENSOR CMOS HD 3MP LENTE 2.8MM 20 MTS MENU OSD IP66";;$ 189.108 ;$ 35.931 ;$ 225.039 ;TURBO HD DOMO 3MP;2;;;$ 94.554 ;;;;
camara;DS2CE56F1TIT128;UND;"CAMARA TURBO HD-TVI IR TIPO DOMO SEMI METALICO EXIR 
SENSOR CMOS HD 3MP LENTE 2.8MM 20 MTS OSD IP66";;$ 233.846 ;$ 44.431 ;$ 278.277 ;TURBO HD DOMO 3MP;2;;;$ 116.923 ;;;;
camara;DS2CE56F7TIT3Z;UND;"CAMARA TURBO HD-TVI TIPO DOMO SENSOR 3MP CMOS 3MP LENTE
MOTORIZADO 2.8-12 MM 40 M LED EXIR WDR 120DB";;$ 523.204 ;$ 99.409 ;$ 622.613 ;TURBO HD DOMO 3MP;2;;;$ 261.602 ;;;;
camara;DS2CE16F1TIT28;UND;"CAMARA TURBO HD-TVI IR TIPO BALA SEMI 
METALICA EXIR SENSOR
CMOS HD 3MP LENTE 2.8MM 20 MTS OSD";;$ 189.108 ;$ 35.931 ;$ 225.039 ;TURBO HD BALA 3MP;2;;;$ 94.554 ;;;;
camara;DS2CE16F1TIT1;UND;"CAMARA TURBO HD-TVI IR TIPO BALA SEMI 
METALICA EXIR SENSOR
CMOS HD 3MP LENTE 3.6MM 20MTS OSD IP66";;$ 210.120 ;$ 39.923 ;$ 250.043 ;TURBO HD BALA 3MP;2;;;$ 105.060 ;;;;
camara;DS2CE16F1TIT3;UND;"CAMARA TURBO HD-TVI IR TIPO BALA SEMI 
METALICA EXIR SENSOR CMOS HD 3MP LENTE 3.6MM 40MTS OSD IP66";;$ 267.812 ;$ 50.884 ;$ 318.696 ;TURBO HD BALA 3MP;2;;;$ 133.906 ;;;;
camara;DS2CC52H1TFITS;UND;"CÁMARA CON VISTA PANORAMICA 180° HASTA
5MP@12FPS LED EXIR IR 20M";;$ 834.300 ;$ 158.517 ;$ 992.817 ;TURBO HD FISHEYE 5MP;2;;;$ 417.150 ;;;;
camara;DS2AE4123TA;UND;"CAMARA TIPO DOMO PTZ TURBO TVI/CVBS 1/3’’ CMOS 720P 23X 4-92MM
3D DNR DWDR";;$ 997.240 ;$ 189.476 ;$ 1.186.716 ;TURBO HD PTZ 720P;2;;;$ 498.620 ;;;;
camara;DS2AE4123TA3;UND;"CAMARA TIPO DOMO PTZ TURBO TVI/CVBS PARA EMPOTRAR 1/3’’
CMOS 720P 23X 4-92MM 3D DNR, DWDR INDOOR";;$ 1.058.400 ;$ 201.096 ;$ 1.259.496 ;TURBO HD PTZ 720P;2;;;$ 529.200 ;;;;
camara;DS2AE4123TID;UND;CAMARA TIPO DOMO PTZ TURBO IR TVI/CVBS PLASTICO 1/3’’ CMOS 720P 23X 4-92MM 3D DNR IP66 DWDR;;$ 1.204.262 ;$ 228.810 ;$ 1.433.072 ;TURBO HD PTZ 720P;2;;;$ 602.131 ;;;;
camara;DS2AE5123TIA;UND;"CAMARA TIPO DOMO PTZ TURBO IR EXIR TVI/CVBS 1/3 CMOS 720P 23X 4-
92MM 3DNR WDR + FUENTE";;$ 1.691.574 ;$ 321.399 ;$ 2.012.973 ;TURBO HD PTZ 720P;2;;;$ 845.787 ;;;;
camara;DS2AE4223TID;UND;"CAMARA TIPO DOMO PTZ TURBO IR TVI/CVBS PLASTICO 1/3’’ CMOS
1080P 23X 4-92MM 3D DNR IP66 DWDR 100MTS";;$ 1.625.714 ;$ 308.886 ;$ 1.934.600 ;TURBO HD PTZ 1080;2;;;$ 812.857 ;;;;
camara;DS2AE5223TIA;UND;"CAMARA TIPO DOMO PTZ TURBO IR EXIR TVI/CVBS IR PARA
EXTERIORES 1/3 CMOS 1080P 23X 4-92MM DWDR";;$ 2.349.840 ;$ 446.470 ;$ 2.796.310 ;TURBO HD PTZ 1080;2;;;$ 1.174.920 ;;;;
camara;DS2AE7230TIA;UND;"CAMARA TIPO DOMO PTZ TURBO IR PARA EXTERIORES 1/3 CMOS
1080P 30X 4-120MM DWDR+ FUENTE";;$ 2.975.478 ;$ 565.341 ;$ 3.540.819 ;TURBO HD PTZ 1080;2;;;$ 1.487.739 ;;;;
camara;DS2CD733FEI;UND;"CAMARA IP TIPO DOMO PARA INTERIORES H.264 IR 10 ~ 20 M VGA (640
x 480) 1/4'' CMOS HIKVISION";;$ 1.565.360 ;$ 297.418 ;$ 1.862.778 ;IP DOMO 1.0MP;2;;;$ 782.680 ;;;;
camara;DS2CD2110FI28;UND;"CAMARA IP TIPO DOMO IR 20-30M, 1/3 PROGRESSIVE CMOS 1.3MP
LENTE 2.8 MM DWDR SD CARD POE+ FUENTE";;$ 323.940 ;$ 61.549 ;$ 385.489 ;IP DOMO 1.3MP;2;;;$ 161.970 ;;;;
camara;DS2CD2312I;UND;"CAMARA IP TIPO DOMO EXIR 1/3 PROGRESSIVE CMOS 1.3MP LENTE
4MM H.264/MJPEG IP66 + FUENTE";;$ 354.000 ;$ 67.260 ;$ 421.260 ;IP DOMO 1.3MP;2;;;$ 177.000 ;;;;
camara;DS2CD2710FIS;UND;"CAMARA IP TIPO DOMO VARIFOCAL 1/3 PROGRESS. CMOS 1.3 MP 2.8-
12MM ALARMA I/O IP66 ICR POE DWDR FUENTE";;$ 474.140 ;$ 90.087 ;$ 564.227 ;IP DOMO 1.3MP;2;;;$ 237.070 ;;;;
camara;DS2CD764FEI;UND;"CAMARA IP TIPO DOMO PARA INTERIORES 1/3 PROGRESSIVE CMOS
H.264 1.3 Mega-pixel HD720p Tiempo Rea";;$ 1.869.678 ;$ 355.239 ;$ 2.224.917 ;IP DOMO 1.3MP;2;;;$ 934.839 ;;;;
camara;IDS2CD6412FWDC28;UND;"CAMARA IP TIPO DOMO 10M 1/3"" CMOS 1.3MP 2.8MM CONTEO
PERSONAS DEFOG WDR HLC ROI EIS IP67 SD 64GB""";;$ 2.524.018 ;$ 479.563 ;$ 3.003.581 ;IP DOMO 1.3MP;2;;;$ 1.262.009 ;;;;
camara;DS2CD1321I28;UND;"CAMARA IP TIPO DOMO EXIR 30M 1/2.8 CMOS 2MP LENTE 2.8MM IP67 3D
DNR DWDR H264+/H.264 POE";;$ 269.280 ;$ 51.163 ;$ 320.443 ;IP DOMO 2MP;2;;;$ 134.640 ;;;;
camara;DS2CD1121I28;UND;"CAMARA IP TIPO DOMO IR 30M 1/2.8 CMOS 2MP LENTE 2.8MM IP67 IK10
3D DNR DWDR H264+/H.264 POE";;$ 286.920 ;$ 54.515 ;$ 341.435 ;IP DOMO 2MP;2;;;$ 143.460 ;;;;
camara;DS2CD2120FI28;UND;"CAMARA IP TIPO DOMO IR 20-30M, 1/3 PROGRESSIVE CMOS 2MP 2.8MM
DWDR POE FUENTE IP66 SD HASTA 64GB ROI";;$ 370.800 ;$ 70.452 ;$ 441.252 ;IP DOMO 2MP;2;;;$ 185.400 ;;;;
camara;DS2CD2520F28;UND;"CAMARA IP TIPO MINI DOMO 1/2.8 CMOS 2MP 2.8MM POE MICRO SD
DWDR FUENTE IP67 IK10";;$ 390.000 ;$ 74.100 ;$ 464.100 ;IP DOMO 2MP;2;;;$ 195.000 ;;;;
camara;DS2CD2120FIW28;UND;"CAMARA IP TIPO DOMO WiFi IR 10-30M, 1/3 PROGRESSIVE CMOS 2MP
2.8MM DWDR POE FUENTE IP66 SD HAST 64";;$ 459.322 ;$ 87.271 ;$ 546.593 ;IP DOMO 2MP;2;;;$ 229.661 ;;;;
camara;DS2CD1721FWDI;UND;"CAMARA IP TIPO DOMO VARIFOCAL IR 10-20M 1/2,8 CMOS 2MP 2.8-12MM
120DB WDR IP67 IK10 POE SOPORTA SD";;$ 569.460 ;$ 108.197 ;$ 677.657 ;IP DOMO 2MP;2;;;$ 284.730 ;;;;
camara;DS2CD1721FWDIZ;UND;"CAMARA IP TIPO DOMO VARIFOCAL IR MOTORIZADO 10-20M 1/2.8 CMOS
2MP 2.8-12MM 120DB WDR IP67 IK10 POE";;$ 618.000 ;$ 117.420 ;$ 735.420 ;IP DOMO 2MP;2;;;$ 309.000 ;;;;
camara;DS2CD2720FI;UND;"CAMARA IP TIPO DOMO VARIFOCAL 1/3 CMOS 2MP 2.8-12MM IP66 ICR
POE DWDR 3D DNR SD HASTA 64GB FUENT";;$ 747.842 ;$ 142.090 ;$ 889.932 ;IP DOMO 2MP;2;;;$ 373.921 ;;;;
camara;DS2CD2722FWDI;UND;"CAMARA IP TIPO DOMO VARIFOCAL 1/2.8 CMOS 2MP 2.8-12MM IP67 IK10
POE 120db WDR 30MTS FUENTE";;$ 919.224 ;$ 174.653 ;$ 1.093.877 ;IP DOMO 2MP;2;;;$ 459.612 ;;;;
camara;DS2CD1141I;UND;"CAMARA IP TIPO DOMO IR 30M 1/3 CMOS 4MP LENTE 4MM IP67 IK10 3D
DNR DWDR H264+/H.264 POE";;$ 354.652 ;$ 67.384 ;$ 422.036 ;IP DOMO 3MP;2;;;$ 177.326 ;;;;
camara;DS2CD1141I28;UND;"CAMARA IP TIPO DOMO IR 30M 1/3 CMOS 4MP LENTE 2.8MM IP67 IK10 3D
DNR DWDR H264+/H.264 POE";;$ 416.934 ;$ 79.217 ;$ 496.151 ;IP DOMO 3MP;2;;;$ 208.467 ;;;;
camara;DS2CD2142FWDI;UND;"CAMARA IP TIPO DOMO IR 30M, 1/3 CMOS 4MP LENTE 2.8MM IP66 IK10
3D DNR 120DB WDR SD HASTA 128GB H264+";;$ 480.874 ;$ 91.366 ;$ 572.240 ;IP DOMO 3MP;2;;;$ 240.437 ;;;;
camara;DS2CD1741FWDIZ;UND;"CAMARA IP TIPO DOMO VARIFOCAL IR MOTORIZADO 10-20M 1/3"" CMOS
4MP2.8-12MM 120DB WDR IP67 IK10 POE SD";;$ 751.900 ;$ 142.861 ;$ 894.761 ;IP DOMO 3MP;2;;;$ 375.950 ;;;;
camara;DS2CD2742FWDI;UND;"CAMARA IP TIPO DOMO VARIFOCAL 4MP IR 20M 2.8-12MM 1/3 CMOS 3D
DNR 120DB WDR SD HASTA 128GB POE IP66";;$ 962.808 ;$ 182.934 ;$ 1.145.742 ;IP DOMO 3MP;2;;;$ 481.404 ;;;;
camara;DS2CD2155FWDI28;UND;"CAMARA IP EXIR TIPO DOMO 1/2.8 CMOS 5 MP 2.8MM 30MTS IP67 IK10
120db WDR VCA 3DNR H.265+ SD CARD";;$ 844.260 ;$ 160.409 ;$ 1.004.669 ;IP DOMO 5MP;2;;;$ 422.130 ;;;;
camara;DS2CD2010FI;UND;"CAMARA IP TIPO BALA IR 20-30M, 1/3 PROGRESSIVE CMOS 1.3MP LENTE
4 MM DWDR POE SD CARD+ FUENTE";;$ 343.640 ;$ 65.292 ;$ 408.932 ;IP BALA 3MP;2;;;$ 171.820 ;;;;
camara;DS2CD2010FIW;UND;"CAMARA IP TIPO BALA IR 20-30M, 1/3 PROGRESSIVE CMOS 1.3MP LENTE
4 MM DWDR WIFI SD HASTA POE+ FUENTE";;$ 395.600 ;$ 75.164 ;$ 470.764 ;IP BALA 3MP;2;;;$ 197.800 ;;;;
camara;DS2CD2T12I3;UND;"CAMARA IP EXIR TIPO BALA METALICA 1/3 CMOS 1.3MP LENTE 4 MM
IP66 IR 30 MTS DWDR 3D DNR POE IP66";;$ 554.492 ;$ 105.353 ;$ 659.845 ;IP BALA 3MP;2;;;$ 277.246 ;;;;
camara;DS2CD2610FIS;UND;"CAMARA IP TIPO BALA VARIFOCAL 1/3 PROGRESSIVE CMOS 1.3 MP 2.8-
12MM IP66 ICR POE DWDR FUENTE ALARMA";;$ 642.114 ;$ 122.002 ;$ 764.116 ;IP BALA 3MP;2;;;$ 321.057 ;;;;
camara;DS2CD1021I;UND;"CAMARA IP TIPO BALA IR 30M 1/2.8 CMOS 2MP LENTE 4MM IP67 3D DNR
DWDR H264+/H.264 POE";;$ 273.572 ;$ 51.979 ;$ 325.551 ;IP BALA 2MP;2;;;$ 136.786 ;;;;
camara;DS2CD2020FI;UND;"CAMARA IP TIPO BALA IR 20-30M, 1/3 CMOS 2MP LENTE 4 MM DWDR POE
SD HASTA 64GB+ FUENTE";;$ 370.800 ;$ 70.452 ;$ 441.252 ;IP BALA 2MP;2;;;$ 185.400 ;;;;
camara;DS2CD2020FIW;UND;"DS2CD2020FI CAMARA IP TIPO BALA IR 20-30M, 1/3 PROGRESSIVE CMOS
2MP LENTE 4 MM DWDR POE+ FUENTE WIFI";;$ 438.936 ;$ 83.398 ;$ 522.334 ;IP BALA 2MP;2;;;$ 219.468 ;;;;
camara;DS2CD1621FWDI;UND;"CAMARA IP TIPO BALA VARIFOCAL IR 20-30M 1/2.8 CMOS 2MP 2.8-12MM
120db WDR IP67 POE SD HASTA 128GB";;$ 569.460 ;$ 108.197 ;$ 677.657 ;IP BALA 2MP;2;;;$ 284.730 ;;;;
camara;DS2CD1621FWDIZ;UND;"CAMARA IP TIPO BALA VARIFOCAL MOTORIZADO IR 20-30M 1/2.8 CMOS
2MP 2.8-12MM 120db WDR IP67 POE";;$ 618.000 ;$ 117.420 ;$ 735.420 ;IP BALA 2MP;2;;;$ 309.000 ;;;;
camara;DS2CD2620FI;UND;"CAMARA IP TIPO BALA VARIFOCAL 1/3 PROGRESSIVE CMOS 2 MP 2.8-
12MM 30 MTS IR IP66 ICR POE DWDR + FUENT";;$ 635.658 ;$ 120.775 ;$ 756.433 ;IP BALA 2MP;2;;;$ 317.829 ;;;;
camara;DS2CD2620FIS;UND;"CAMARA IP TIPO BALA VARIFOCAL 1/3 PROGRESSIVE CMOS 2 MP 2.8-
12MM 30 MTS IR IP66 ICR POE DWDR + FUENT";;$ 668.224 ;$ 126.963 ;$ 795.187 ;IP BALA 2MP;2;;;$ 334.112 ;;;;
camara;DS2CD2622FWDI;UND;"CAMARA IP TIPO BALA VARIFOCAL 1/2.8 CMOS 2 MP 2.8-12MM 30 MTS IR
IP67 POE 120 DB WDR + FUENTE";;$ 891.686 ;$ 169.420 ;$ 1.061.106 ;IP BALA 2MP;2;;;$ 445.843 ;;;;
camara;DS2CD8253FEI;UND;"CAMARA IP TIPO BALA IR 20-30M IP66 1/3 PROGRESSIVE SCAN CMOS
2.7MM - 9MM 2 Mega-pixel H.264 /";;$ 2.373.964 ;$ 451.053 ;$ 2.825.017 ;IP BALA 2MP;2;;;$ 1.186.982 ;;;;
camara;DS2CD4A26FWDIZHSP;UND;"CAMARA IP TIPO BALA IR SMARTFIGHTER 50M 1/1.8CMOS 2MP
MOTORIZADO 2.8-12MM LPR DEFOG WDR IP67 PoE""";;$ 3.057.522 ;$ 580.929 ;$ 3.638.451 ;IP BALA 2MP;2;;;$ 1.528.761 ;;;;
camara;DS2CD1041I;UND;"CAMARA IP TIPO BALA IR 30M 1/3 CMOS 4MP LENTE 4MM IP67 3D DNR
DWDR H264+/H.264 POE";;$ 412.000 ;$ 78.280 ;$ 490.280 ;IP BALA 4MP;2;;;$ 206.000 ;;;;
camara;DS2CD2042WDI;UND;"CAMARA IP TIPO BALA IR 30M, 1/3 CMOS 4MP LENTE 4MM IP66 3D DNR
120DB WDR H264+";;$ 450.548 ;$ 85.604 ;$ 536.152 ;IP BALA 4MP;2;;;$ 225.274 ;;;;
camara;DS2CD2T42WDI3;UND;"CAMARA IP EXIR TIPO BALA METALICA 1/3 CMOS 4MP LENTE 4MM IR 30
MTS 120db WDR 3D DNR POE IP67 BLC";;$ 648.450 ;$ 123.206 ;$ 771.656 ;IP BALA 4MP;2;;;$ 324.225 ;;;;
camara;DS2CD1641FWDI;UND;"CAMARA IP TIPO BALA VARIFOCAL IR 20-30M 1/3 CMOS 4MP 2.8-12MM
120db WDR IP67 POE SD";;$ 701.880 ;$ 133.357 ;$ 835.237 ;IP BALA 4MP;2;;;$ 350.940 ;;;;
camara;DS2CD1641FWDIZ;UND;"CAMARA IP TIPO BALA VARIFOCAL MOTORIZADO IR 20-30M 1/3 CMOS
4MP 2.8-12MM 120db WDR IP67 POE SD";;$ 751.900 ;$ 142.861 ;$ 894.761 ;IP BALA 4MP;2;;;$ 375.950 ;;;;
camara;DS2CD2642FWDI;UND;"CAMARA IP TIPO BALA VARIFOCAL 2.8-12MM 4MP 120dB WDR 30 MTS
SD HASTA 128GB POE";;$ 970.796 ;$ 184.451 ;$ 1.155.247 ;IP BALA 4MP;2;;;$ 485.398 ;;;;
camara;DS2CD2642FWDIZ;UND;"CAMARA IP TIPO BALA VARIFOCAL IR 20-30M 1/3"" CMOS 4MP
MOTORIZADO 2.8-12MM WDR IP67 SD HASTA 128GB""";;$ 1.311.092 ;$ 249.107 ;$ 1.560.199 ;IP BALA 4MP;2;;;$ 655.546 ;;;;
camara;DS2CD2055FWDI;UND;"CAMARA IP TIPO BALA IR 30M 1/2.9 CMOS 5MP LENTE 4MM IP67 3D DNR
120DB WDR H265+ 3 DNR BLC ROI";;$ 822.180 ;$ 156.214 ;$ 978.394 ;IP BALA 5MP;2;;;$ 411.090 ;;;;
camara;DS2CV2U21FDIW28;UND;"CAMARA IP TIPO CUBO 1/2.8” CMOS 2MP 5 MTS IR LENTE 2.8MM SD
HASTA 128GB WIFI MIC&SPEAKER DWDR";;$ 301.160 ;$ 57.220 ;$ 358.380 ;IP CUBO 2MP;2;;;$ 150.580 ;;;;
camara;DS2CD2420FIW28;UND;"CAMARA IP TIPO CUBO IR 10M 1/4"" PROGRESSIVE CMOS 2 MP PIR SD
WIFI CON WPS AUDIO I/O ALARMA I/O 2.8MM";;$ 328.194 ;$ 62.357 ;$ 390.551 ;IP CUBO 2MP;2;;;$ 164.097 ;;;;
camara;DS2AF1401X;UND;"CAMARA TIPO DOMO PTZ PARA INTERIORES 1/4 SONY INTERLINE
TRANSFER CCD COLOR 500 TVL B/W: 570 TVL";;$ 2.496.252 ;$ 474.288 ;$ 2.970.540 ;IP PTZ 500 TVL;2;;;$ 1.248.126 ;;;;
camara;DS2DF1517B;UND;"CAMARA IP TIPO DOMO PTZ PARA EXTERIORES H.264 540TVL 1/4”
SONY CCD HIKVISION";;$ 9.098.848 ;$ 1.728.781 ;$ 10.827.629 ;IP PTZ 540 TVL;2;;;$ 4.549.424 ;;;;
camara;DS2DE4120AE;UND;"CAMARA TIPO DOMO PTZ 1.3MP 1/3""CMOS 3D DNR 20X DWDR SD +
FUENTE";;$ 1.339.018 ;$ 254.413 ;$ 1.593.431 ;IP PTZ 1.3MP;2;;;$ 669.509 ;;;;
camara;DS2DE5120IWAE;UND;"CAMARA IP TIPO DOMO PTZ IR PARA EXTERIORES 1.3MP 1/2.8""CMOS 4.7-
94.0MM 3D DNR 20X 150M H.265";;$ 2.207.944 ;$ 419.509 ;$ 2.627.453 ;IP PTZ 1.3MP;2;;;$ 1.103.972 ;;;;
camara;DS2DF5274A;UND;"CAMARA IP TIPO DOMO PTZ IP66 1/3’’ PROG. SCAN CMOS, 1.3MP,20X
ZOOM SMART TRACKING + FUENTE";;$ 2.944.100 ;$ 559.379 ;$ 3.503.479 ;IP PTZ 1.3MP;2;;;$ 1.472.050 ;;;;
camara;DS2DF7274A;UND;"CAMARA IP TIPO DOMO PTZ IR 1/3’’ PROG. SCAN CMOS 1.3MP 20X
AUTOTRACKING + ADPTADOR";;$ 3.929.400 ;$ 746.586 ;$ 4.675.986 ;IP PTZ 1.3MP;2;;;$ 1.964.700 ;;;;
camara;DS2DF177A;UND;"CAMARA IP TIPO DOMO PTZ IR 100 M PARA EXTERIORES 1/3 CCD DE
EXPLORACION PROGRESIVA 1.3 Mega-pixe";;$ 7.285.020 ;$ 1.384.154 ;$ 8.669.174 ;IP PTZ 1.3MP;2;;;$ 3.642.510 ;;;;
camara;DS2DE2204IWDE3;UND;"MINI PTZ IP 1/3 CMOS 2.0MP ZOOM 3X DWDR LENTE 3.6-11MM CON
FUENTE";;$ 822.180 ;$ 156.214 ;$ 978.394 ;IP PTZ  2.0MP;2;;;$ 411.090 ;;;;
camara;DS2DE4220WAE;UND;"CAMARA TIPO DOMO PTZ 2MP 1/2.8""CMOS 3D DNR 20X DWDR DEFOG
+FUENTE H.265";;$ 1.744.446 ;$ 331.445 ;$ 2.075.891 ;IP PTZ  2.0MP;2;;;$ 872.223 ;;;;
camara;DS2DE5220IAE;UND;"CAMARA IP TIPO DOMO PTZ IR PARA EXTERIORES 2 MP 1/2.8""CMOS 4.7-
94.0MM 20X 150M IP66 FUENTE";;$ 2.498.078 ;$ 474.635 ;$ 2.972.713 ;IP PTZ  2.0MP;2;;;$ 1.249.039 ;;;;
camara;DS2DE5220IWAE;UND;"CAMARA IP TIPO DOMO PTZ IR PARA EXTERIORES 2 MP 1/2.8""CMOS 4.7-
94.0MM 20X 150M IP66 FUENTE H265";;$ 2.722.952 ;$ 517.361 ;$ 3.240.313 ;IP PTZ  2.0MP;2;;;$ 1.361.476 ;;;;
camara;DS2DE7230IWAE;UND;CAMARA IP TIPO DOMO PTZ IR 1/2.8’’ CMOS 2MP 30X 150MTS IR DWDR;;$ 3.326.292 ;$ 631.995 ;$ 3.958.287 ;IP PTZ  2.0MP;2;;;$ 1.663.146 ;;;;
camara;DS2DY3320IWDE;UND;"CAMARA IP TIPO DOMO PTZ 1/2.8""CMOS 2MP 20x 100M DEFOG 3D-DNR
DWDR HI-PoE IP66""";;$ 4.041.036 ;$ 767.797 ;$ 4.808.833 ;IP PTZ  2.0MP;2;;;$ 2.020.518 ;;;;
camara;DS2DF6223AEL;UND;"CAMARA IP TIPO DOMO PTZ DARKFIGHTER OUTDOOR 2MP 1/1.9 CMOS
5.9-135.7MM WDR 23X 150M SMAR TRACKING";;$ 5.364.542 ;$ 1.019.263 ;$ 6.383.805 ;IP PTZ  2.0MP;2;;;$ 2.682.271 ;;;;
camara;DS2DF7286A;UND;"CAMARA IP TIPO DOMO PTZ IR 1/2.8’’ CMOS 2MP 30X SMART
TRACKING 150MTS IR ADPTADOR";;$ 5.694.312 ;$ 1.081.919 ;$ 6.776.231 ;IP PTZ  2.0MP;2;;;$ 2.847.156 ;;;;
camara;DS2DF8223IAEL;UND;"CAMARA IP TIPO DOMO PTZ IR 1/1.9’’ CMOS 2MP 23X SMART
TRACKING 200MT IR 120dB WDR DARK FIGHTER";;$ 5.875.272 ;$ 1.116.302 ;$ 6.991.574 ;IP PTZ  2.0MP;2;;;$ 2.937.636 ;;;;
camara;DS2DF8236IAEL;UND;"CAMARA IP TIPO DOMO PTZ IR 1/1.9’’ CMOS 2MP 36X SMART
TRACKING 200MT IR 120dB WDR DARK FIGHTER";;$ 7.182.274 ;$ 1.364.632 ;$ 8.546.906 ;IP PTZ  2.0MP;2;;;$ 3.591.137 ;;;;
camara;DS2DY5223IWAE;UND;"CAMARA IP TIPO DOMO PTZ POSICIONAMIENTO LITE 1/1.9""CMOS 2MP
23x 150MTS ULTRA WDR HI-PoE IP66""";;$ 8.755.578 ;$ 1.663.560 ;$ 10.419.138 ;IP PTZ  2.0MP;2;;;$ 4.377.789 ;;;;
camara;DS2DF8336IVAEL;UND;"CAMARA IP TIPO DOMO PTZ IR 1/3 HD CMOS 3MP 36X SMART
TRACKING 200MT IR 120dB WDR DARK FIGHTER";;$ 8.096.598 ;$ 1.538.354 ;$ 9.634.952 ;IP PTZ  3.0MP;2;;;$ 4.048.299 ;;;;
camara;DS2DF8836IVAELW;UND;"CAMARA IP TIPO DOMO PTZ 1/3""CMOS 4K 8MP 36X 200MTS DEFOG 3DDNR
WDR AGC ROI EIS HI-PoE IP66 WIPER""";;$ 17.340.534 ;$ 3.294.701 ;$ 20.635.235 ;IP PTZ  8.0MP;2;;;$ 8.670.267 ;;;;
camara;DS2CD6332FWDI;UND;"CAMARA IP TIPO DOMO 360° 1/3 P. CMOS 3MP LENTE 1.19 MM WDR 15
MTS IR POE RES EFEC 1536X1536";;$ 2.229.214 ;$ 423.551 ;$ 2.652.765 ;IP 360;2;;;$ 1.114.607 ;;;;
camara;DS2CD6332FWDIV;UND;"CAMARA IP TIPO DOMO 360° 1/3 P. CMOS 3MP LENTE 1.19 MM WDR 15
MTS IR POE RES EFEC 1536X1536 IP66";;$ 2.460.964 ;$ 467.583 ;$ 2.928.547 ;IP 360;2;;;$ 1.230.482 ;;;;
camara;DS2CD6362FIS;UND;"CAMARA IP TIPO DOMO 360° 1/1.8"" P. CMOS 6MP LENTE 1.27 MM 15 MTS
WDR POE RES EFEC 2048X2048 A/I A/";;$ 2.554.568 ;$ 485.368 ;$ 3.039.936 ;IP 360;2;;;$ 1.277.284 ;;;;
camara;DS2CD6362FIV;UND;"CAMARA IP TIPO DOMO 360° 1/1.8 CMOS OUTDOOR 6MP LENTE 1.27
MM 15 MTS DWDR POE IP66 IK10 DWDR";;$ 3.137.794 ;$ 596.181 ;$ 3.733.975 ;IP 360;2;;;$ 1.568.897 ;;;;
camara;DS2CD63C2FIV;UND;"CAMARA IP TIPO DOMO 360° 1/1.7 CMOS 12MP LENTE 2 MM 15 MTS
DWDR POE IP66 IK10";;$ 3.645.736 ;$ 692.690 ;$ 4.338.426 ;IP 360;2;;;$ 1.822.868 ;;;;
camara;DS2CD6562PT;UND;"CAMARA IP PANORAMICA 360ø IR 50M 1/1.8"" PROGRESSIVE CMOS 6MP
1.27MM DWDR BLC ROI 3DNR IP54.";;$ 4.624.742 ;$ 878.701 ;$ 5.503.443 ;IP 360;2;;;$ 2.312.371 ;;;;
camara;DS2DP1636ZD;UND;"CAMARA IP TIPO DOMO PANORAMICO 360ø PTZ 1/1.9"" CMOS 16MP 36x
DEFOG 3D-DNR WDR HI-PoE IP66""";;$ 19.826.802 ;$ 3.767.092 ;$ 23.593.894 ;IP 360;2;;;$ 9.913.401 ;;;;
camara;DS2CD2942F;UND;"CAMARA IP TIPO DOMO 186°HORIZONTAL 106°VERTICAL 1/3 P. CMOS
4MP LENTE 1.6 MM SD (64GB)CON FUENTE";;$ 997.620 ;$ 189.548 ;$ 1.187.168 ;IP FISHEYE;2;;;$ 498.810 ;;;;
camara;DS2CV2Q01FDIW28;UND;"CAMARA IP TIPO PT 1/4” CMOS 1 MP 5 MTS IR LENTE 2.8MM SD HASTA
128GB WIFI MIC&SPEAKER DWDR";;$ 370.746 ;$ 70.442 ;$ 441.188 ;IP MINI PT;2;;;$ 185.373 ;;;;
camara;DS2CD2Q10FDIW28;UND;"CAMARA IP TIPO PT IR 1/4 CMOS 1.0 MP LENTE 2.8MM DWDR WIFI
AUDIO I/O ALARMA I/O ROI 10 MTS PIR";;$ 444.000 ;$ 84.360 ;$ 528.360 ;IP MINI PT;2;;;$ 222.000 ;;;;
camara;DS2CV2Q21FDIW28;UND;"CAMARA IP TIPO PT 1/2.8” CMOS 2 MP 5 MTS IR LENTE 2.8MM SD HASTA
128GB WIFI MIC&SPEAKER DWDR";;$ 533.482 ;$ 101.362 ;$ 634.844 ;IP MINI PT;2;;;$ 266.741 ;;;;
camara;DS2DE3304WDE;UND;"DOMO MINI PTZ 3MP, SENSOR CMOS 1/2.8"", DIGITAL ZOOM 16X, LENTE
DE 2.8 - 12 MM, DWDR, AGC, HLC, BLC";;$ 1.654.320 ;$ 314.321 ;$ 1.968.641 ;IP MINI PT;2;;;$ 827.160 ;;;;
camara;DS2CD2Q10FDISGLE28;UND;"CAMARA IP TIPO PT IR 10M, 1/4"" CMOS 1MP 2.8MM, AUDIO 2 VIAS, DWDR,
ROI, BLC, IP66 SD HASTA 128GB";;$ 1.787.036 ;$ 339.537 ;$ 2.126.573 ;IP MINI PT;2;;;$ 893.518 ;;;;
camara;DS2CD6510IO;UND;"CAMARA IP VEHICULAR IR 20-30M, 1/3"" PROGRESSIVE CMOS 1.3MP
4MM, DWDR, BLC, ROI, 3DNR, IP68, PoE.""";;$ 1.221.292 ;$ 232.045 ;$ 1.453.337 ;IP VEHICULAR;2;;;$ 610.646 ;;;;
camara;DS2CD6520ETIO;UND;"CAMARA IP VEHICULAR IR 30M, 1/3"" PROGRESSIVE CMOS 2MP 6MM,
DWDR, BLC ROI 3DNR IP54 PoE 1-ch """;;$ 1.499.674 ;$ 284.938 ;$ 1.784.612 ;IP VEHICULAR;2;;;$ 749.837 ;;;;
camara;DS2CD6986FH;UND;"CAMARA IP TIPO DOMO MULTISENSOR IR 40M 1/1.8CMOS 7.3MP 4
LENTES DE 4-5MM PANORAMICA 180 DWDR IP66""";;$ 5.213.086 ;$ 990.486 ;$ 6.203.572 ;IP MULTISENSOR;2;;;$ 2.606.543 ;;;;
camara;DS2CD6812D;UND;"CAMARA IP TIPO ESCRITORIO IR 40M, 1/3""CMOS 1.3MP 2.0MM DEFOG
WDR HLC BLC ROI EIS PoE SD HASTA 64GB""";;$ 1.849.896 ;$ 351.480 ;$ 2.201.376 ;IP TIPO ESCRITORIO;2;;;$ 924.948 ;;;;
camara;DS2CD6424FWD202M;UND;"CAMARA IP TIPO PINHOLE 1/2.7 CMOS 2MP 3.7MM DEFOG 120 WDR PoE
SD 128GB INCL.LENTE TUBULAR +CABLE 2M";;$ 1.551.388 ;$ 294.764 ;$ 1.846.152 ;IP PINHOLE;2;;;$ 775.694 ;;;;
camara;DS2CD4D26FWDIZ;UND;"CAMARA IP TIPO DOMO VARIFOCAL OUTDOOR DARKFIGHTER 1/1.8
CMOS 2MP MOTORIZADO 2.8-12MM 120db WDR";;$ 1.997.464 ;$ 379.518 ;$ 2.376.982 ;IP DARKFIGHTER;2;;;$ 998.732 ;;;;
camara;DS2CD4126FWDIZ;UND;"CAMARA IP TIPO DOMO VARIFOCAL INDOOR DARKFIGHTER 1/1.8 CMOS
2MP MOTORIZADO 2.8-12MM AUDIO WDR IK10";;$ 2.460.964 ;$ 467.583 ;$ 2.928.547 ;IP DARKFIGHTER;2;;;$ 1.230.482 ;;;;
camara;DS2CD4A26FWDIZ;UND;"CAMARA IP TIPO BALA IR DARKFIGHTER 50M 1/1.8""CMOS 2MP
MOTORIZADO 2.8-12MM DEFOG WDR IP67 PoE""";;$ 2.803.072 ;$ 532.584 ;$ 3.335.656 ;IP DARKFIGHTER;2;;;$ 1.401.536 ;;;;
camara;DS2CD4A26FWDIZH;UND;"CAMARA IP TIPO BALA IR DARKFIGHTER 50M 1/1.8""CMOS 2MP
MOTORIZADO 2.8-12MM DEFOG WDR IP67 PoE HEATER";;$ 3.029.280 ;$ 575.563 ;$ 3.604.843 ;IP DARKFIGHTER;2;;;$ 1.514.640 ;;;;
camara;DS2CD4526FWDIZ;UND;"CAMARA IP TIPO DOMO VARIFOCAL OUTDOOR DARKFIGHTER
1/1.CMOS 2MP MOTORIIZ.2.8-12MM AUDIO POE WDR IK10";;$ 3.156.214 ;$ 599.681 ;$ 3.755.895 ;IP DARKFIGHTER;2;;;$ 1.578.107 ;;;;
camara;DS2CD4132FWDI;UND;"CAMARA IP TIPO DOMO VARIFOCAL 30MTS 1/2.8"" PROGR. SCAN CMOS
3MP 2.8-12MM AUDIO POE WDR";;$ 2.155.268 ;$ 409.501 ;$ 2.564.769 ;IP  MINIDOMO;2;;;$ 1.077.634 ;;;;
camara;DS2CD4525FWDIZH;UND;"CAMARA IP TIPO DOMO SMART LIGHTFIGHTER IR 40M 1/2.8"" CMOS 2MP
MOTORIZADO 2.8-12MM WDR 140db IK10";;$ 4.041.036 ;$ 767.797 ;$ 4.808.833 ;IP ANTIVANDALICAS;2;;;$ 2.020.518 ;;;;
camara;DS2CD6626DSIZHS;UND;"CAMARA IP TIPO DOMO ANTICORROSION IR 20-30M 1/1.8"" CMOS 2MP 3.8-
16 DEFOG EIS WDR ROI IP67 SD 128""";;$ 6.709.714 ;$ 1.274.846 ;$ 7.984.560 ;IP ANTI - CORROSION;2;;;$ 3.354.857 ;;;;
camara;DS2CD6626BEHIR5;UND;"CAMARA IP TIPO BALA ANTICORROSION IR 20-30M 1/1.8"" CMOS 2MP 3.8-
16MM DEFOG EIS WDR ROI IP67""";;$ 7.758.108 ;$ 1.474.041 ;$ 9.232.149 ;IP ANTI - CORROSION;2;;;$ 3.879.054 ;;;;
camara;DS2DT6223AELY;UND;"CAMARA IP TIPO DOMO PTZ ANTICORROSION 1/1.9"" CMOS 2MP 23x
DEFOG 3D-DNR WDR AGC ROI EIS HI-PoE IP67""";;$ 11.697.858 ;$ 2.222.593 ;$ 13.920.451 ;IP ANTI - CORROSION;2;;;$ 5.848.929 ;;;;
camara;iDS2CD6810FC;UND;"CAMARA IP CON LENTE DUAL 1/3"" CMOS B/N 640X960@25FPS CONTEO
DE PERSONAS H.264 ROI 3D DNR PoE 802.3af";;$ 4.083.214 ;$ 775.811 ;$ 4.859.025 ;IP CONTEO DE PERSONAS;2;;;$ 2.041.607 ;;;;
camara;2CE5682DEXIR;UND;"DS2CE5682NIT1 CAMARA EXIR TIPO DOMO, 600 TVL, 1/3"" DIS, LENTE
3.6MM";;$ 194.932 ;$ 37.037 ;$ 231.969 ;CVBS DOMO 600TVL;2;;;$ 97.466 ;;;;
camara;DS2CE5682NIT3;UND;"CAMARA EXIR TIPO DOMO, 600 TVL, 1/3"" DIS, LENTE 3.6MM, 40 METROS
IR, IP66";;$ 224.268 ;$ 42.611 ;$ 266.879 ;CVBS DOMO 600TVL;2;;;$ 112.134 ;;;;
camara;DS2CE55A2NIRP;UND;"CAMARA IR, TIPO DOMO PLASTICO, 700TVL, 1/3 DIS, LENTE 2.8MM, 20
METROS IR.";;$ 48.006 ;$ 9.121 ;$ 57.127 ;CVBS DOMO 700TVL;2;;;$ 24.003 ;;;;
camara;DS2CE55A2NIR;UND;CAMARA IR, TIPO DOMO, 700TVL, 1/3 DIS, LENTE 3.6MM, 20 METROS IR.;;$ 55.054 ;$ 10.460 ;$ 65.514 ;CVBS DOMO 700TVL;2;;;$ 27.527 ;;;;
camara;DS2CE56A2NIT3;UND;"CAMARA EXIR TIPO DOMO METALICO, 700 TVL, 1/3"" DIS, LENTE 3.6MM,
40 METROS IR, IP66";;$ 85.796 ;$ 16.301 ;$ 102.097 ;CVBS DOMO 700TVL;2;;;$ 42.898 ;;;;
camara;DS2CE55A2NVFIR3;UND;"CAMARA TIPO DOMO IR VARIFOCAL 2.8-12MM @ F1.4, 30 - 40 METROS,
700 TVL, 1/3""DIS";;$ 158.520 ;$ 30.119 ;$ 188.639 ;CVBS DOMO 700TVL;2;;;$ 79.260 ;;;;
camara;DS2CS58A1NIRS;UND;"CAMARA TIPO DOMO VEHICULAR IR 20M, IP66, 1/3"" DIS, 700TVL, LENTE
3.6 MM,OSD";;$ 400.192 ;$ 76.036 ;$ 476.228 ;CVBS DOMO 700TVL;2;;;$ 200.096 ;;;;
camara;DS2CE55C2NIRP28 ;UND;CAMARA IR TIPO DOMO PLASTICO 720 TVL 1/3” PICADIS LENTE 2.8MM;;$ 59.000 ;$ 11.210 ;$ 70.210 ;CVBS DOMO 720TVL;2;;;$ 29.500 ;;;;
camara;DS2CE55C2NIR ;UND;CAMARA IR TIPO DOMO 720 TVL 1/3” PICADIS LENTE 3.6MM;;$ 64.900 ;$ 12.331 ;$ 77.231 ;CVBS DOMO 720TVL;2;;;$ 32.450 ;;;;
camara;DS2CE56C2NIT3;UND;"CAMARA EXIR TIPO DOMO METALICO 1/3 PICADIS 720TVL LENTE 3.6
MM 40 MTS";;$ 95.092 ;$ 18.067 ;$ 113.159 ;CVBS DOMO 720TVL;2;;;$ 47.546 ;;;;
camara;DS2CE55C2NVPIR;UND;"CAMARA TIPO DOMO ANTIVANDALICO 20 MTS 1/3 PICADIS 720TVL
LENTE 3.6MM 18 PCS IR LED";;$ 149.648 ;$ 28.433 ;$ 178.081 ;CVBS DOMO 720TVL;2;;;$ 74.824 ;;;;
camara;DS2CE55C2NVFIR3;UND;"CAMARA IR TIPO DOMO VARIFOCAL LENTE2.8-12MM, 1/3 PICADIS, 720
TVL, IP66 30-40MTS";;$ 206.380 ;$ 39.212 ;$ 245.592 ;CVBS DOMO 720TVL;2;;;$ 103.190 ;;;;
camara;DS2CE56C2NIT1;UND;CAMARA EXIR TIPO DOMO 720 TVL 1/3 PICADIS LENTE 3.6MM;;$ 318.616 ;$ 60.537 ;$ 379.153 ;CVBS DOMO 720TVL;2;;;$ 159.308 ;;;;
camara;DS2CE15A2NIRP;UND;"CAMARA IR, TIPO BALA PLASTICO, 700 TVL, 1/3 DIS, LENTE 2.8MM, 20
METROS IR, 24 PCS IR LED";;$ 47.964 ;$ 9.113 ;$ 57.077 ;CVBS BALA 700TVL;2;;;$ 23.982 ;;;;
camara;DS2CE15A2NIR;UND;"CAMARA IR, TIPO BALA, 700 TVL, 1/3 DIS, LENTE 3.6MM, 20 METROS IR,
IP66";;$ 55.054 ;$ 10.460 ;$ 65.514 ;CVBS BALA 700TVL;2;;;$ 27.527 ;;;;
camara;DS2CE16A2NIT3;UND;"CAMARA EXIR TIPO BALA, 700 TVL, 1/3 DIS, LENTE 3.6MM, 40 METROS
IR, IP66";;$ 82.600 ;$ 15.694 ;$ 98.294 ;CVBS BALA 700TVL;2;;;$ 41.300 ;;;;
camara;DS2CE15A2NVFIR3;UND;"CAMARA TIPO IR VARIFOCAL 2.8-12MM @ F1.4, 30 -40 METROS IR, 700
TVL, 1/3""DIS.";;$ 159.300 ;$ 30.267 ;$ 189.567 ;CVBS BALA 700TVL;2;;;$ 79.650 ;;;;
camara;DS2CE15C2NIRP28;UND;"CAMARA IR TIPO BALA PLASTICA 1/3” PICADIS 720TVL 20 MTS LENTE
2,8MM 24 PCS IR LED";;$ 59.000 ;$ 11.210 ;$ 70.210 ;CVBS BALA 720TVL;2;;;$ 29.500 ;;;;
camara;DS2CE15C2NIR;UND;CAMARA IR TIPO BALA 720 TVL 1/3” PICADIS LENTE 3 6 MM;;$ 64.900 ;$ 12.331 ;$ 77.231 ;CVBS BALA 720TVL;2;;;$ 32.450 ;;;;
camara;DS2CE16C2NIT3;UND;CAMARA EXIR TIPO BALA, 720 TVL, 1/3 PICADIS, LENTE 6MM;;$ 70.800 ;$ 13.452 ;$ 84.252 ;CVBS BALA 720TVL;2;;;$ 35.400 ;;;;
camara;DS2CE16C2NVFIR3;UND;"CAMARA IR TIPO BALA VARIFOCAL LENTE2.8-12 MM, 1/3"" PICADIS, 720
TVL, IP66 30-40MTS";;$ 262.110 ;$ 49.801 ;$ 311.911 ;CVBS BALA 720TVL;2;;;$ 131.055 ;;;;
camara;DS2AE4562NA;UND;"CAMARA TIPO MINI DOMO PTZ PARA EXTERIORES,1/3 SONY ,12 X,
650TVL, 3D DNR, Digital WDR, 30m IR, 12VDD";;$ 829.066 ;$ 157.523 ;$ 986.589 ;CVBS PTZ 650 TVL;2;;;$ 414.533 ;;;;
camara;DS2AE5023NA;UND;"CAMARA TIPO DOMO PTZ, 1/3’’ SONY CCD, 700 TVL, 23X, IP66"" INCLUYE
ADAPTADOR";;$ 1.299.212 ;$ 246.850 ;$ 1.546.062 ;CVBS PTZ 700 TVL;2;;;$ 649.606 ;;;;
camara;DS2AE7023NIA;UND;"CAMARA TIPO DOMO PTZ IR PARA EXTERIORES 1/3 SONY 700TVL 23X
4-92MM DWDR+ FUENTE";;$ 2.113.900 ;$ 401.641 ;$ 2.515.541 ;CVBS PTZ 700 TVL;2;;;$ 1.056.950 ;;;;
camara;AHDPTZ72IN10XIR;UND;"CAMARA TIPO MINI DOMO PTZ IR PARA INTERIORES 1/3 CMOS 10X 720P
40mts IR DC12V";;$ 783.018 ;$ 148.773 ;$ 931.791 ;AHD PTZ 720P;2;;;$ 391.509 ;;;;
camara;AHDDPTZ72EX10X;UND;"CAMARA TIPO MINI DOMO PTZ PARA EXTERIORES 1/3 CMOS 10X 720P
DC12V IP66";;$ 894.566 ;$ 169.968 ;$ 1.064.534 ;AHD PTZ 720P;2;;;$ 447.283 ;;;;
camara;GL163;UND;"CAMARA TIPO DOMO PLASTICO 1/3 SONY 700TVL 32PCS IR LED
LENTE 3 6mm";;$ 143.946 ;$ 27.350 ;$ 171.296 ;TVI DOMO 700TVL;2;;;$ 71.973 ;;;;
camara;72V2812L36DMK;UND;"CAMARA IR TIPO DOMO METALICO 1/3 SONY 720TVL LENTE 3.6 MM 24
PCS IR LED MENU OSD";;$ 96.394 ;$ 18.315 ;$ 114.709 ;TVI DOMO 720TVL;2;;;$ 48.197 ;;;;
camara;72F36L24DMK;UND;"CAMARA IR TIPO DOMO METALICO VARIFOCAL 1/3 SONY 720TVL
LENTE 2.8-12MM 36 PCS IR LED MENU OSD";;$ 129.442 ;$ 24.594 ;$ 154.036 ;TVI DOMO 720TVL;2;;;$ 64.721 ;;;;
camara;100F36L24SCMDMK;UND;"CAMARA IR TIPO DOMO METALICO 1/3 CMOS 1000TVL LENTE 3.6MM 24
PCS IR LED MENU OSD";;$ 113.696 ;$ 21.602 ;$ 135.298 ;TVI DOMO 1000TVL;2;;;$ 56.848 ;;;;
camara;TVIDM960PF36L24;UND;"CAMARA IR TIPO DOMO METALICO TVI 1/3 CMOS 960P 3.6MM 24 PCS IR
LED";;$ 102.048 ;$ 19.389 ;$ 121.437 ;TVI DOMO 960P;2;;;$ 51.024 ;;;;
camara;TVIDM960PV2812L36;UND;"CAMARA IR TIPO DOMO METALICO VARIFOCAL TVI 1/3 CMOS 960P 2.8-
12MM 36 PCS IR LED";;$ 126.576 ;$ 24.049 ;$ 150.625 ;TVI DOMO 960P;2;;;$ 63.288 ;;;;
camara;TVIBM960PV2812L42;UND;"CAMARA IR TIPO BALA METALICA VARIFOCAL TVI 1/3 CMOS 960P
LENTE 2.8-12MM 42 PCS IR LED";;$ 156.990 ;$ 29.828 ;$ 186.818 ;TVI BALA 960P;2;;;$ 78.495 ;;;;
camara;TVIBM960PV2812L72;UND;"CAMARA IR TIPO BALA METALICA VARIFOCAL TVI 1/3 CMOS 960P
LENTE 2.8-12MM 72 PCS IR LED";;$ 170.736 ;$ 32.440 ;$ 203.176 ;TVI BALA 960P;2;;;$ 85.368 ;;;;
camara;IPBM10F6L42;UND;"CAMARA IP TIPO BALA IR ,1/4"" SOI CMOS, 1.0 MP, LENTE 6.0 MM, 42 LED,
SOPORTA ONVIF";;$ 369.898 ;$ 70.281 ;$ 440.179 ;IP BALA 1.0MP;2;;;$ 184.949 ;;;;
DVR;GV7204HD5A4S1;UND;"DVR 04 CANALES AHD/TVI/CVI 720P 960H 
D1@30FPS 1080N@15FPS SOPORTA 1CH IP RS485 4 ALARMA P2P 1SATA";;$ 212.000 ;$ 40.280 ;$ 252.280 ;5 EN 1 DVR SERIE 7200;2;;;$ 106.000 ;;;;
DVR;GV7208HD5A4S1;UND;"DVR 08 CANALES AHD/TVI/CVI 720P 960H 
D1 @30FPS 1080N @15FPS RS485 ALARMA 4CH INP P2P 1 SATA";;$ 263.920 ;$ 50.145 ;$ 314.065 ;6 EN 1 DVR SERIE 7200;2;;;$ 131.960 ;;;;
DVR;GV7216HD5A4S2;UND;"DVR 16 CANALES AHD/TVI/CVI 720P 960H 
D1 @30FPS 1080N @15FPS RS485 ALARMA 4CH INP P2P 2 SATA";;$ 450.080 ;$ 85.515 ;$ 535.595 ;7 EN 1 DVR SERIE 7200;2;;;$ 225.040 ;;;;
DVR;GV7104GF1;UND;"MINI DVR 4CH TURBO HD TVI/AHD/CVBS 
720P@30FPS VGA HDMI 1 AUDIO 1 SATA HASTA 6TB (NO INCLUIDO)";;$ 190.236 ;$ 36.145 ;$ 226.381 ;HDTVI DVR SERIE 7100;2;;;$ 95.118 ;;;;
DVR;GV7108GF1;UND;"MINI DVR 8CH TURBO HD TVI/AHD/CVBS 
720P@30FPS VGA HDMI 1 AUDIO 1 SATA HASTA 6TB (NO INCLUIDO)";;$ 302.682 ;$ 57.510 ;$ 360.192 ;HDTVI DVR SERIE 7100;2;;;$ 151.341 ;;;;
DVR;GV7116GF1;UND;"MINI DVR 16CH TURBO HD TVI/AHD/CVBS
 720P@30FPS VGA HDMI 1 AUDIO 1 SATA HASTA 6TB (NO INCLUIDO)";;$ 423.248 ;$ 80.417 ;$ 503.665 ;HDTVI DVR SERIE 7100;2;;;$ 211.624 ;;;;
DVR;GV7204GF1  ;UND;"DVR 4CH TURBO HD TVI/AHD/CVBS 720P
@30FPS VGA HDMI 1 AUDIO RS485 1 CANAL IP 1 SATA HASTA 6TB (SIN DD)";;$ 245.224 ;$ 46.593 ;$ 291.817 ;HDTVI DVR SERIE 7200;2;;;$ 122.612 ;;;;
DVR;GV7208GF1;UND;"DVR 8CH TURBO HD TVI/AHD/CVBS 720P
@30FPS VGA HDMI 1 AUDIO RS485 2 CANAL IP 1 SATA HASTA 6TB (SIN DD)";;$ 335.012 ;$ 63.652 ;$ 398.664 ;HDTVI DVR SERIE 7200;2;;;$ 167.506 ;;;;
DVR;GV7208QF1;UND;"DVR 08 CH HD-TVI AHD 720P @30fps 1080P @12FPS1 RJ45 10M/100M
MPBS 2 USB 2.0 1 SATA(DD No Incluido)";;$ 408.282 ;$ 77.574 ;$ 485.856 ;HDTVI DVR SERIE 7200;2;;;$ 204.141 ;;;;
DVR;GV7216GF1;UND;"DVR 16CH TURBO HD TVI/AHD/CVBS 720P
@30FPS VGA HDMI 1 AUDIO RS485 2 CANAL IP 1 SATA HASTA 6TB(SIN DD";;$ 513.672 ;$ 97.598 ;$ 611.270 ;HDTVI DVR SERIE 7200;2;;;$ 256.836 ;;;;
DVR;GV7216QF2;UND;"DVR TURBO 16 CH HD-TVI 720P @30fps 
1080@12FP 1 RJ45 10M/100M/1000MPBS 2 USB 2.0 2 SATA(No Incluidos";;$ 852.282 ;$ 161.934 ;$ 1.014.216 ;HDTVI DVR SERIE 7200;2;;;$ 426.141 ;;;;
DVR;GV7332AHDS3;UND;"DVR 32 CANALES AHD 960H D1 @30FPS
 1080N @20FPS RS485 ALARMA 16CH INP P2P 3 SATA";;$ 1.514.480 ;$ 287.751 ;$ 1.802.231 ;AHD DVR 7200;2;;;$ 757.240 ;;;;
DVR;GVMM1043GSD;UND;"DVR MOVIL AHD 4CH 720P + 1 CH IP 3G GPS
 2 SD CARD 128GB USB AUDIO 4/1 H.264";;$ 1.346.560 ;$ 255.846 ;$ 1.602.406 ;SOLUCION MOVIL DVR;2;;;$ 673.280 ;;;;
DVR;GVMX1043GHD;UND;"DVR MOVIL AHD 4CH 720P + 1 CH IP 3G 
GPS 1 SATA 2.5"""" USB AUDIO 4/1 H.264""";;$ 1.449.680 ;$ 275.439 ;$ 1.725.119 ;SOLUCION MOVIL DVR;2;;;$ 724.840 ;;;;
DVR;GVMM1044GSD;UND;"DVR MOVIL AHD 4CH 720P + 1 CH IP 
4G GPS 2 SD CARD 128GB USB AUDIO 4/1 H.264";;$ 1.607.280 ;$ 305.383 ;$ 1.912.663 ;SOLUCION MOVIL DVR;2;;;$ 803.640 ;;;;
DVR;GVMX1044GHD;UND;"DVR MOVIL AHD 4CH 720P + 1 CH IP 4G 
GPS 1 SATA 2.5"""" USB AUDIO 4/1 H.264""";;$ 1.698.240 ;$ 322.666 ;$ 2.020.906 ;SOLUCION MOVIL DVR;2;;;$ 849.120 ;;;;
DVR;DS7104HGHIE1;UND;"MINI DVR 4CH WD1@30FPS/TURBO 720P@30FPS VGA HDMI 1 AUDIO 1
SATA HASTA 6TB (NO INCLUIDO)";;$ 198.504 ;$ 37.716 ;$ 236.220 ;TURBO HD DVR 720P;2;;;$ 99.252 ;;;;
DVR;DS7104HGHIF1;UND;"MINI DVR 4CH TURBO HD TVI/AHD/CVBS 720P@30FPS VGA HDMI 1
AUDIO 1 SATA HASTA 6TB ALARMA I/O 4/1";;$ 201.806 ;$ 38.343 ;$ 240.149 ;TURBO HD DVR 720P;2;;;$ 100.903 ;;;;
DVR;DS7204HGHIE1;UND;"DVR 4CH WD1@30FPS/ TURBO 720P@30FPS VGA HDMI CVBS AUDIO
BIDIRECCIONAL 1 SATA HASTA 6TB (NO INCLUIDO";;$ 248.060 ;$ 47.131 ;$ 295.191 ;TURBO HD DVR 720P;2;;;$ 124.030 ;;;;
DVR;DS7204HGHIF1;UND;"DVR 4CH TURBO HD TVI/AHD/CVBS 720P@30FPS VGA HDMI 1 AUDIO
RS485 1 CANAL IP 1 SATA ALARMA I/O 4/1";;$ 250.718 ;$ 47.636 ;$ 298.354 ;TURBO HD DVR 720P;2;;;$ 125.359 ;;;;
DVR;DS7108HGHIE1;UND;"MINI DVR 8CH WD1@30FPS/TURBO 720P@30FPS VGA HDMI CVBS 1
AUDIO 1 SATA HASTA 6TB (NO INCLUIDO)";;$ 309.050 ;$ 58.720 ;$ 367.770 ;TURBO HD DVR 720P;2;;;$ 154.525 ;;;;
DVR;DS7108HGHIF1;UND;"MINI DVR 8CH TURBO HD TVI/AHD/CVBS 720P@30FPS VGA HDMI 1
AUDIO 1 SATA HASTA 6TB (NO INCLUIDO)";;$ 333.240 ;$ 63.316 ;$ 396.556 ;TURBO HD DVR 720P;2;;;$ 166.620 ;;;;
DVR;DS7208HGHIF1;UND;"DVR 8CH TURBO HD TVI/AHD/CVBS 720P@30FPS VGA HDMI 1 AUDIO
RS485 2 CANAL IP 1 SATA ALARMA I/O 4/1";;$ 373.342 ;$ 70.935 ;$ 444.277 ;TURBO HD DVR 720P;2;;;$ 186.671 ;;;;
DVR;DS7116HGHIF1;UND;"MINI DVR 16CH TURBO HD TVI/AHD/CVBS 720P@25FPS VGA HDMI 1
AUDIO 1 SATA HASTA 6TB (NO INCLUIDO)";;$ 524.696 ;$ 99.692 ;$ 624.388 ;TURBO HD DVR 720P;2;;;$ 262.348 ;;;;
DVR;DS7216HGHIE1;UND;"DVR 16CH WD1@30FPS/720P@30FPS VGA HDMI CVBS AUDIO
BIDIRECCIONAL 1 SATA HASTA 6TB (NO INCLUIDO)";;$ 596.136 ;$ 113.266 ;$ 709.402 ;TURBO HD DVR 720P;2;;;$ 298.068 ;;;;
DVR;DS7216HGHIF1;UND;"DVR 16CH TURBO HD TVI/AHD/CVBS 720P@30FPS VGA HDMI 1 AUDIO
RS485 2 CANAL IP 1 SATA ALARMA I/O 4/1";;$ 605.418 ;$ 115.029 ;$ 720.447 ;TURBO HD DVR 720P;2;;;$ 302.709 ;;;;
DVR;DS7316HGHISH;UND;"DVR 16CH TURBO H.264, 720P@30FPS, 1080P @12fps AUDIO ENTRADA 4
SALIDA 1 VGA/HDMI 4 DD 4TB SIN HDD";;$ 1.881.158 ;$ 357.420 ;$ 2.238.578 ;TURBO HD DVR 720P;2;;;$ 940.579 ;;;;
DVR;DS7324HGHISH;UND;"DVR 24CH TURBO 720P@30FPS 1080P @12fps 4 AUDIO DE ENTRADA 1
SALIDA VGA/HDMI SOPORTA 4 DD 4 T SIN HDD";;$ 2.513.000 ;$ 477.470 ;$ 2.990.470 ;TURBO HD DVR 720P;2;;;$ 1.256.500 ;;;;
DVR;DS7332HGHISH;UND;"DVR 32CH TURBO 720P@30FPS,1080P @12fps 4 AUDIO DE ENTRADA 1
SALIDA VGA/HDMI SOPORTA 4 DD 4T SIN HDD";;$ 3.051.858 ;$ 579.853 ;$ 3.631.711 ;TURBO HD DVR 720P;2;;;$ 1.525.929 ;;;;
DVR;DS7104HQHIF1N;UND;"MINI DVR 4CH HDTVI/AHD H.264+ 720P@30FPS/1080@12FPS 1 RJ45
10M/100M MPBS 2 USB 2.0 1 SATA";;$ 289.310 ;$ 54.969 ;$ 344.279 ;TURBO HD DVR 1080P;2;;;$ 144.655 ;;;;
DVR;DS7204HQHIF1N;UND;"DVR 04CH HD-TVI-AHD 720P @30FPS 1080P @12FPS 1 RJ45 10M/100M
MPBS 2 USB 2.0 1 SATA RS-485";;$ 321.000 ;$ 60.990 ;$ 381.990 ;TURBO HD DVR 1080P;2;;;$ 160.500 ;;;;
DVR;DS7104HQHISH;UND;"MINI DVR 4CH HDTVI,H.264, 1080P@30FPS 1 AUDIO DE ENTRADA 1
XSALIDA VGA/HDMI, SOPORTA 1 DD 4T SIN DD";;$ 417.716 ;$ 79.366 ;$ 497.082 ;TURBO HD DVR 1080P;2;;;$ 208.858 ;;;;
DVR;DS7204HQHISH;UND;"DVR 04 CH HD-TVI 1080P @30fps 10M/100M/1000MBPS 2 USB 2.0 1
SATA(DD No Incluido)";;$ 429.500 ;$ 81.605 ;$ 511.105 ;TURBO HD DVR 1080P;2;;;$ 214.750 ;;;;
DVR;DS7108HQHIF1N;UND;"MINI DVR 8CH HDTVI/AHD H.264+ 720P@30FPS/1080@12FPS 1 RJ45
10M/100M MPBS 2 USB 2.0 1 SATA";;$ 462.858 ;$ 87.943 ;$ 550.801 ;TURBO HD DVR 1080P;2;;;$ 231.429 ;;;;
DVR;DS7208HQHIF1N;UND;"DVR 08CH HD-TVI-AHD 720P @30FPS 1080P @12FPS 1 RJ45 10M/100M
MPBS 2 USB 2.0 1 SATA RS-485";;$ 467.744 ;$ 88.871 ;$ 556.615 ;TURBO HD DVR 1080P;2;;;$ 233.872 ;;;;
DVR;DS7204HUHIF1N;UND;"DVR 04CH SOPORTA HDTVI: 3M@15FPS 720P/1080PL@30FPS;
AHD:720P@30FPS H.264+ 1SATA 6TB";;$ 504.430 ;$ 95.842 ;$ 600.272 ;TURBO HD DVR 1080P;2;;;$ 252.215 ;;;;
DVR;DS7208HUHIF2N;UND;"DVR 08CH SOPORTA HDTVI: 3MP@15FPS 720P/1080PL@30FPS;
AHD:720P@30FPS,ANALOGAS E IP H.264+ 2 SATA";;$ 907.972 ;$ 172.515 ;$ 1.080.487 ;TURBO HD DVR 1080P;2;;;$ 453.986 ;;;;
DVR;DS7216HQHIF2N;UND;"DVR TURBO 16 CH HD-TVI AHD 720P @30fps 080 @12FPS 1 RJ45
10M/100M/1000MPBS 2 USB 2.0 2 SATA RS-485";;$ 999.686 ;$ 189.940 ;$ 1.189.626 ;TURBO HD DVR 1080P;2;;;$ 499.843 ;;;;
DVR;DS7216HUHIF2N;UND;"DVR 16CH SOPORTA HDTVI: 3M@15FPS 720P/1080PL@30FPS;
AHD:720P@30FPS H.264+2 SATA 6TB";;$ 1.641.686 ;$ 311.920 ;$ 1.953.606 ;TURBO HD DVR 1080P;2;;;$ 820.843 ;;;;
DVR;DS7316HQHISH;UND;"DVR 16CH TURBO H.264 1080P@30FPS 4 AUDIO DE ENTRADA 1SALIDA
VGA/HDMI, SOPORTA 4 DD 4 TERAS SIN HDD";;$ 2.655.000 ;$ 504.450 ;$ 3.159.450 ;TURBO HD DVR 1080P;2;;;$ 1.327.500 ;;;;
DVR;DS7316HUHIF4N;UND;"DVR 16CH SOPORTA HDTVI3M@15FPS 720P/1080PL@30FPS;
AHD:720P@30FPS H.264+ 4 SATA 6TB 4K ALARMA 16/4";;$ 3.517.148 ;$ 668.258 ;$ 4.185.406 ;TURBO HD DVR 1080P;2;;;$ 1.758.574 ;;;;
DVR;DS7104HWISH;UND;"MINI DVR 4CH WD1@30fps SALIDAS VGA HDMI CVBS 1 AUDIO 1 SATA
HASTA 4TB (NO INCLUIDO)";;$ 133.482 ;$ 25.362 ;$ 158.844 ;CVBS DVR 7100;2;;;$ 66.741 ;;;;
DVR;DS7108HWISH;UND;"MINI DVR 8CH WD1@30fps SALIDAS VGA HDMI CVBS 1 AUDIO 1 SATA
HASTA 4TB(DD NO INCLUIDO)";;$ 213.538 ;$ 40.572 ;$ 254.110 ;CVBS DVR 7100;2;;;$ 106.769 ;;;;
DVR;DS7208HWISH;UND;"DVR HIKVISION 8CH WD1@30fps VGA/HDMI AUDIO INPUT OUTPUT 1CH
2 SATA 4TB (DD NO INCLUIDOS)";;$ 247.800 ;$ 47.082 ;$ 294.882 ;CVBS DVR 7200;2;;;$ 123.900 ;;;;
DVR;DS7216HWISL;UND;"DVR 16CH, WD1@30Fps, VGA/HDMI, AUDIO BIDIRECCIONAL, 1 SATA
4TB.";;$ 367.356 ;$ 69.798 ;$ 437.154 ;CVBS DVR 7200;2;;;$ 183.678 ;;;;
DVR;DS7216HWISH;UND;"DVR HIKVISION 16CH, WD1@30Fps, VGA/HDMI, AUDIO INPUT OUTPUT
1CH, 2 SATA 4TB (DD NO INCLUIDOS)";;$ 414.310 ;$ 78.719 ;$ 493.029 ;CVBS DVR 7200;2;;;$ 207.155 ;;;;
DVR;DS7316HWISH;UND;"DVR HIKVISION 16CH WD1@30Fps VGA/HDMI AUDIO INPUT OUTPUT
1CH 4 SATA HASTA 4TB C/U NO INCLUYE DD";;$ 631.300 ;$ 119.947 ;$ 751.247 ;CVBS DVR 7300;2;;;$ 315.650 ;;;;
DVR;DS7324HWISH;UND;DVR 24CH WD1@30fps 4 SATA HDMI/VGA H.264 NO INCLUYE DD;;$ 1.298.000 ;$ 246.620 ;$ 1.544.620 ;CVBS DVR 7300;2;;;$ 649.000 ;;;;
DVR;DS8104AHIST;UND;"DVR 4CH 120 FPS CIF CH1 4CIF@30fps H.264 CON MONITOR LCD
INCLUIDO 4 AUDIOS VOICE TALK VGA/BNC";;$ 2.328.342 ;$ 442.385 ;$ 2.770.727 ;CVBS DVR 8000;2;;;$ 1.164.171 ;;;;
DVR;DS8104HMISEGW;UND;"DVR MOVIL 4CH 30fps 4CH AUDIO VIDEO INPUT 1CH AUDIO VIDEO
OUTPUT INCLUYE HDD 500G 3G";;$ 2.280.554 ;$ 433.305 ;$ 2.713.859 ;DVR VEHICULAR;2;;;$ 1.140.277 ;;;;
DVR;AHDVR7204S1LM;UND;"DVR 04 CANALES ANALOGO AHD Y/O CONVENCIONAL HDMI/VGA 2 USB
1 SATA AUDIO BIDIRECCIONAL (SIN HDD)";;$ 154.018 ;$ 29.263 ;$ 183.281 ;AHD DVR 7200;2;;;$ 77.009 ;;;;
DVR;AHDVR7208S1LM;UND;"DVR 08 CANALES ANALOGO AHD Y/O CONVENCIONAL+IP HDMI/VGA 2
USB 1 SATA AUDIO BIDIRECCIONAL (SIN HDD)";;$ 180.000 ;$ 34.200 ;$ 214.200 ;AHD DVR 7200;2;;;$ 90.000 ;;;;
DVR;AHDVR7208S1;UND;"DVR 08 CANALES ANALOGO AHD Y/O CONVENCIONAL+ IP(ONVFI)
HDMI/VGA 2 USB 1 SATA AUDIO 2/1 O/1 (NO DD)";;$ 210.000 ;$ 39.900 ;$ 249.900 ;AHD DVR 7200;2;;;$ 105.000 ;;;;
DVR;AHDVR7304S2;UND;"DVR 04 CANALES AHD Y/O CONVENCIONAL+ IP ONVIF HDMI/VGA 2
SATA AUDIO I/4 O/1 ALARMA I/4 O/1 (SIN DD)";;$ 180.000 ;$ 34.200 ;$ 214.200 ;AHD DVR 7300;2;;;$ 90.000 ;;;;
DVR;AHDVR7308S2;UND;"DVR 08 CANALES AHD Y/O CONVENCIONAL+ IP ONVIF HDMI/VGA 2
SATA AUDIO I/6 O/1 ALARMA I/4 O/1 (SIN DD)";;$ 300.000 ;$ 57.000 ;$ 357.000 ;AHD DVR 7300;2;;;$ 150.000 ;;;;
DVR;AHDVR7316S2;UND;"DVR 16 CH AHD Y/O CONVENCIONAL+ IP ONVIF HDMI/VGA 2 SATA
AUDIO I/16 O/4 ALARMA I/4 O/1 (SIN DD)";;$ 360.000 ;$ 68.400 ;$ 428.400 ;AHD DVR 7300;2;;;$ 180.000 ;;;;
NVR;GVIP7104SN;UND;"MINI NVR 4CH 1080P HDMI/VGA SIN 
FRONTAL 1 SATA 4TB RJ45 10/100 MBPS";;$ 224.200 ;$ 42.598 ;$ 266.798 ;IP NVR SERIE 7100;2;;;$ 112.100 ;;;;
NVR;GVIP7108SN;UND;"MINI NVR 8CH 1080P HDMI/VGA SIN
 FRONTAL 1 SATA 4TB RJ45 10/100 MBPS";;$ 250.000 ;$ 47.500 ;$ 297.500 ;IP NVR SERIE 7100;2;;;$ 125.000 ;;;;
NVR;GVIP7116SN;UND;"MINI NVR 16CH 1080P HDMI/VGA SIN 
FRONTAL 1 SATA 4TB RJ45 10/100/1000 MBPS";;$ 277.242 ;$ 52.676 ;$ 329.918 ;IP NVR SERIE 7100;2;;;$ 138.621 ;;;;
NVR;DS7104NISN;UND;"MINI NVR 4CH 1080P HDMI/VGA SIN FRONTAL 1 SATA 4TB RJ45 10/100
MBPS";;$ 315.092 ;$ 59.867 ;$ 374.959 ;IP NVR SERIE 7100;2;;;$ 157.546 ;;;;
NVR;DS7108NISN;UND;"MINI NVR 8CH 1080P HDMI/VGA SIN FRONTAL 1 SATA 4TB RJ45 10/100
MBPS";;$ 351.772 ;$ 66.837 ;$ 418.609 ;IP NVR SERIE 7100;2;;;$ 175.886 ;;;;
NVR;DS7116NISN;UND;"MINI NVR 16CH 1080P HDMI/VGA SIN FRONTAL 1 SATA 4TB RJ45
10/100/1000 MBPS";;$ 439.924 ;$ 83.586 ;$ 523.510 ;IP NVR SERIE 7100;2;;;$ 219.962 ;;;;
NVR;DS7104NISNP;UND;MINI NVR 4CH 1080P HDMI/VGA 4POE 1 SATA 4TB RJ45 10/100 MBPS;;$ 509.144 ;$ 96.737 ;$ 605.881 ;IP NVR SERIE 7100;2;;;$ 254.572 ;;;;
NVR;DS7608NIE2;UND;"NVR 8CH H.264+ 2CH@6M O 6CH@1080P 80MBPS BITRATE SALIDA 2
SATA HDMI/VGA MAX 1920X1080";;$ 531.828 ;$ 101.047 ;$ 632.875 ;IP NVR SERIE 7600;2;;;$ 265.914 ;;;;
NVR;DS7604NIE14P;UND;"NVR 4CH H.264+ 1CH@6M O 4CH@1080P 1 SATA HDMI/VGA MAX
1920X1080 4 PoE HASTA 50W IEEE 802.3 AF/AT";;$ 580.812 ;$ 110.354 ;$ 691.166 ;IP NVR SERIE 7600;2;;;$ 290.406 ;;;;
NVR;DS7616NIE2;UND;"NVR 16CH H.264+ 2CH@6M O 6CH@1080P 80MBPS BITRATE SALIDA 2
SATA HDMI/VGA MAX 1920X1080";;$ 588.454 ;$ 111.806 ;$ 700.260 ;IP NVR SERIE 7600;2;;;$ 294.227 ;;;;
NVR;DS7608NIE28P;UND;"NVR 8CH H.264+ 2CH@6M O 6CH@1080P 2 SATA HDMI/VGA MAX
1920X1080 4 PoE HASTA 120W IEEE 802.3 AF/AT";;$ 903.588 ;$ 171.682 ;$ 1.075.270 ;IP NVR SERIE 7600;2;;;$ 451.794 ;;;;
NVR;DS7616NIE216P;UND;"NVR 16CH H.264+ 2CH@6M O 6CH@1080P 2 SATA HDMI/VGA MAX
1920X1080 16 PoE HASTA 120W IEEE 802.3 AF/AT";;$ 1.181.912 ;$ 224.563 ;$ 1.406.475 ;IP NVR SERIE 7600;2;;;$ 590.956 ;;;;
NVR;DS7616NII2;UND;"NVR 16CH H.265 4CH@4K O 16CH@1080P HASTA 12MP 256MBPS
BITRATE SALIDA 2 SATA HDMI/VGA 4K/1080P";;$ 1.315.920 ;$ 250.025 ;$ 1.565.945 ;IP NVR SERIE 7600;2;;;$ 657.960 ;;;;
NVR;DS7608NII28P;UND;"NVR 8CH H.265 4CH@4K O 16CH@1080P HASTA 12MP 2 SATA HDMI/VGA
4K/1080P 8 PoE 120W IEEE 802.3 AF/AT";;$ 1.515.324 ;$ 287.912 ;$ 1.803.236 ;IP NVR SERIE 7600;2;;;$ 757.662 ;;;;
NVR;DS7616NII216P;UND;"NVR 16CH H.265 4CH@4K O 16CH@1080P HASTA 12MP 2 SATA HDMI/VGA
4K/1080P 8 PoE 200W IEEE 802.3 AF/AT";;$ 2.023.740 ;$ 384.511 ;$ 2.408.251 ;IP NVR SERIE 7600;2;;;$ 1.011.870 ;;;;
NVR;DS7716NIE4 ;UND;NVR 16CH H.264+ 2CH@6M O 6CH@1080P 80MBPS BITRATE SALIDA 4;;$ 1.424.388 ;$ 270.634 ;$ 1.695.022 ;IP NVR SERIE 7700;2;;;$ 712.194 ;;;;
NVR;DS7732NIE4;UND;"NVR 32CH H.264+ 2CH@6M O 6CH@1080P REPRODUCCIÓN SÍNCRONA
16CH 4 SATA HDMI/VGA 1080P 2 RJ45 1000Mbps";;$ 1.625.970 ;$ 308.934 ;$ 1.934.904 ;IP NVR SERIE 7700;2;;;$ 812.985 ;;;;
NVR;DS7732NIE416P;UND;"NVR 32CH H.264+ 2CH@6M O 6CH@1080P REPRODUCCIÓN 16CH 4 SATA
HDMI 1080P 16 PoE 200W IEEE 802.3AF/A";;$ 2.168.240 ;$ 411.966 ;$ 2.580.206 ;IP NVR SERIE 7700;2;;;$ 1.084.120 ;;;;
NVR;DS7716NIK416P;UND;"NVR 16CH H.265 4CH@4K O 16CH@1080P 4 SATA HDMI/VGA 4K/1080P 16
PoE 200W IEEE 802.3 AF/AT";;$ 2.545.740 ;$ 483.691 ;$ 3.029.431 ;IP NVR SERIE 7700;2;;;$ 1.272.870 ;;;;
NVR;DS7732NII4;UND;"NVR 32CH H.265 4CH@4K O 16CH@1080P HASTA 12MP REPRODUCCIÓN
16CH 256M BITRATE SALIDA 4 SATA HDMI 4K";;$ 2.652.476 ;$ 503.970 ;$ 3.156.446 ;IP NVR SERIE 7700;2;;;$ 1.326.238 ;;;;
NVR;DS7716NII416P;UND;"NVR 16CH H.265 4CH@4K O 16CH@1080P HASTA 12MP 4 SATA HDMI 4K
16PoE 200W 802.3AF/AT ANR VCA";;$ 2.866.142 ;$ 544.567 ;$ 3.410.709 ;IP NVR SERIE 7700;2;;;$ 1.433.071 ;;;;
NVR;DS7732NII416P;UND;"NVR 32CH H.265 4CH@4K O 16CH@1080P HASTA 12MP REPRODUCCIÓN
16CH 4 SATA HDMI 4K 16PoE 200W 802.3AF/AT";;$ 3.232.406 ;$ 614.157 ;$ 3.846.563 ;IP NVR SERIE 7700;2;;;$ 1.616.203 ;;;;
NVR;DS9604NISH ;UND; NVR GRABADOR IP 4CH H.264 4 CIF SALIDA VGA Y/O HDMI;;$ 1.770.000 ;$ 336.300 ;$ 2.106.300 ;IP NVR SERIE 9000;2;;;$ 885.000 ;;;;
NVR;DS9632NII8;UND;"NVR 32CH H.265 4CH@4K O 16CH@1080P HASTA 12MP REPRODUCCIÓN
16CH 8 SATA 2 HDMI 4K 2 RJ45 1000 MBPS";;$ 5.002.046 ;$ 950.389 ;$ 5.952.435 ;IP NVR SERIE 9000;2;;;$ 2.501.023 ;;;;
NVR;DS9664NII8;UND;"NVR 64CH H.265 4CH@4K O 16CH@1080P HASTA 12MP REPRODUCCIÓN
16CH 8 SATA 2 HDMI 4K 2 RJ45 1000 MBPS";;$ 6.799.908 ;$ 1.291.983 ;$ 8.091.891 ;IP NVR SERIE 9000;2;;;$ 3.399.954 ;;;;
NVR;DS9664NII16;UND;"NVR 64 CANALES, 16 HDD HASTA 6TB, 2 HDMI, 2 VGA 1080P, H-265/H-
265+, SOPORTA 4 ARREGLOS DE DISCOS";;$ 12.867.420 ;$ 2.444.810 ;$ 15.312.230 ;IP NVR SERIE 9000;2;;;$ 6.433.710 ;;;;
NVR;DS96256NIF24;UND;"NVR IP 256 CH 24 SATAS 640MBPS 2 HDMI 1 VGA 4 RJ-45 10 /100 /1000
Mbps ALARMA I/0 16/8";;$ 29.606.470 ;$ 5.625.229 ;$ 35.231.699 ;IP NVR SERIE 9000;2;;;$ 14.803.235 ;;;;
NVR;DS96256NII24;UND;"NVR 256 H.265+ 20CH@1080P HASTA 12MP REPRODUCCIÓN 16CH 24
SATA 2 HDMI 4K 1VGA 1080P 4 RJ45 1000 MBPS";;$ 31.219.740 ;$ 5.931.751 ;$ 37.151.491 ;IP NVR SERIE 9000;2;;;$ 15.609.870 ;;;;
ACCESORIOS;DS1229ZJ1   ;UND;SOPORTE DE PARED PARA DOMO;;$ 73.178 ;$ 13.904 ;$ 87.082 ;BASES;2;;;$ 36.589 ;;;;
ACCESORIOS;DS1602ZJ;UND;"SOPORTE PARA MONTURA
 DE PARED";;$ 76.964 ;$ 14.623 ;$ 91.587 ;BASES;2;;;$ 38.482 ;;;;
ACCESORIOS;DS1603ZJ;UND;"SOPORTE MONTURA DE PARED
 PARA EAGLE-EYE";;$ 116.742 ;$ 22.181 ;$ 138.923 ;BASES;2;;;$ 58.371 ;;;;
ACCESORIOS;GL301D;UND;CONTROLADOR DE SCANER;;$ 133.420 ;$ 25.350 ;$ 158.770 ;BASES;2;;;$ 66.710 ;;;;
ACCESORIOS;DS1701ZJ;UND;SOPORTE PARA PTZ ANTI-CORROCION;;$ 637.586 ;$ 121.141 ;$ 758.727 ;BASES;2;;;$ 318.793 ;;;;
ACCESORIOS;DS1697ZJ  ;UND;SOPORTE PARA PTZ ANTI-CORROCION;;$ 880.048 ;$ 167.209 ;$ 1.047.257 ;BASES;2;;;$ 440.024 ;;;;
ACCESORIOS;DS1703ZJ;UND;SOPORTE PARA PTZ ANTI-CORROCION;;$ 2.083.380 ;$ 395.842 ;$ 2.479.222 ;BASES;2;;;$ 1.041.690 ;;;;
ACCESORIOS;WD10PURX;UND;"DISCO DURO 1TB/ Intellipower 3.5"" SATA WD";;$ 378.472 ;$ 71.910 ;$ 450.382 ;DISCOS DUROS;1;;;$ 189.236 ;;;;
ACCESORIOS;WD10PURZ;UND;"DISCO DURO 1TB/ Intellipower 3.5"" SATA WD";;$ 386.712 ;$ 73.475 ;$ 460.187 ;DISCOS DUROS;1;;;$ 193.356 ;;;;
ACCESORIOS;WD20PURX;UND;"WD20EURX DISCO DURO 2TB64MB
(3Gb/s)/IntelliPower(RPM)/SATA";;$ 549.394 ;$ 104.385 ;$ 653.779 ;DISCOS DUROS;1;;;$ 274.697 ;;;;
ACCESORIOS;WD30PURX;UND;DISCO DURO 3TB Intellipower 3.5 SATA WD;;$ 720.600 ;$ 136.914 ;$ 857.514 ;DISCOS DUROS;1;;;$ 360.300 ;;;;
ACCESORIOS;WD40PURX;UND;DISCO DURO 4TB Intellipower 3.5 SATA WD;;$ 976.702 ;$ 185.573 ;$ 1.162.275 ;DISCOS DUROS;1;;;$ 488.351 ;;;;
ACCESORIOS;WD60PURX;UND;DISCO DURO 6TB Intellipower 3.5 SATA WD;;$ 1.672.976 ;$ 317.865 ;$ 1.990.841 ;DISCOS DUROS;1;;;$ 836.488 ;;;;
ACCESORIOS;WDBVBZ0080JCHNESN;UND;"DH959WDC98-WD MY CLOUD EX2 ULTRA NAS 2 BAHIAS INCLUYE 2
DISCOS DUROS RED DE 4TB";;$ 3.362.204 ;$ 638.819 ;$ 4.001.023 ;DISCOS DUROS;1;;;$ 1.681.102 ;;;;
ACCESORIOS;DSUTF16GL2;UND;MICRO SDHC™ 16GB Clase 10 TLC;;$ 42.186 ;$ 8.015 ;$ 50.201 ;MICRO SD;1;;;$ 21.093 ;;;;
ACCESORIOS;DSUTF64GL2;UND;MICRO SDHC™ 64GB Clase 10 TLC;;$ 159.324 ;$ 30.272 ;$ 189.596 ;MICRO SD;1;;;$ 79.662 ;;;;
ACCESORIOS;DSUTF128GL2;UND;MICRO SDHC™ 128GB Clase 10 TLC;;$ 459.232 ;$ 87.254 ;$ 546.486 ;MICRO SD;1;;;$ 229.616 ;;;;
ACCESORIOS;TRANS12V1000  ;UND;TRANSFORMADOR 12V 1 AMPERIO;;$ 12.330 ;$ 2.343 ;$ 14.673 ;FUENTES DE PODER;2;;;$ 6.165 ;;;;
ACCESORIOS;TRANS12V15 ;UND; TRANSFORMADOR 12V 1.5 AMPERIOS;;$ 15.416 ;$ 2.929 ;$ 18.345 ;FUENTES DE PODER;2;;;$ 7.708 ;;;;
ACCESORIOS;TRANS12V3  ;UND;TRANSFORMADOR 12V 3 AMPERIOS;;$ 30.000 ;$ 5.700 ;$ 35.700 ;FUENTES DE PODER;2;;;$ 15.000 ;;;;
ACCESORIOS;TRANS12V5 ;UND;" ENTRAN12V5 TRANSFORMADOR 
12V 5 AMPERIOS ";;$ 41.366 ;$ 7.860 ;$ 49.226 ;FUENTES DE PODER;2;;;$ 20.683 ;;;;
ACCESORIOS;TRANS12V20A18S  ;UND;FUENTE DE PODER 12V 20 AMPERIOS;;$ 203.578 ;$ 38.680 ;$ 242.258 ;FUENTES DE PODER;2;;;$ 101.789 ;;;;
ACCESORIOS;GL610  ;UND;HOUSING PAR EMPOTRAR EN TECHO;;$ 84.976 ;$ 16.145 ;$ 101.121 ;HOUSING;2;;;$ 42.488 ;;;;
ACCESORIOS;GL605IR  ;UND;" HOUSING PARA EXTERIORES TIPO 
PELCO CON LED INFRARROJO";;$ 187.242 ;$ 35.576 ;$ 222.818 ;HOUSING;2;;;$ 93.621 ;;;;
ACCESORIOS;GL619IR2   ;UND;"HOUSING PLASTICO CON LEDS IR PARA 
EXTERIORES";;$ 227.206 ;$ 43.169 ;$ 270.375 ;HOUSING;2;;;$ 113.603 ;;;;
ACCESORIOS;HF0358AIR ;UND;LENTE VARIFOCAL DE 3 5 A 8 MM IR;;$ 179.058 ;$ 34.021 ;$ 213.079 ;LENTES;2;;;$ 89.529 ;;;;
ACCESORIOS;VPHM1  ;UND;PROTECTOR DE VIDEO BNC;;$ 38.586 ;$ 7.331 ;$ 45.917 ;PROTECTOR DE VIDEO;2;;;$ 19.293 ;;;;
ACCESORIOS;VPMM1   ;UND;PROTECTOR DE VIDEO;;$ 40.870 ;$ 7.765 ;$ 48.635 ;PROTECTOR DE VIDEO;2;;;$ 20.435 ;;;;
ACCESORIOS;VPAVD  ;UND;PROTECTOR DE VIDEO AC24V;;$ 100.432 ;$ 19.082 ;$ 119.514 ;PROTECTOR DE VIDEO;2;;;$ 50.216 ;;;;
ACCESORIOS;ACCPOE24ACPUS;UND;"ALIMENTADOR POE PASIVO ENTRADA 100-240 VAC PARA AXS-CPE1X0 Y
LNK-LU050, CABLE AMERICANO";;$ 95.634 ;$ 18.170 ;$ 113.804 ;RADIO ENLACE ;2;;;$ 47.817 ;;;;
ACCESORIOS;ACCSSPOE;UND;SUPRESOR DE DESCARGAS POE;;$ 217.000 ;$ 41.230 ;$ 258.230 ;RADIO ENLACE ;2;;;$ 108.500 ;;;;
ACCESORIOS;ACCCRF01;UND;CABLE RF CONECTORIZADO N;;$ 240.850 ;$ 45.762 ;$ 286.612 ;RADIO ENLACE ;2;;;$ 120.425 ;;;;
ACCESORIOS;ACCPOE57AC15US;UND;"ALIMENTADOR POE ACTIVO ENTRADA 100-240 VAC, 15.4W, CABLE
AMERICANO";;$ 248.662 ;$ 47.246 ;$ 295.908 ;RADIO ENLACE ;2;;;$ 124.331 ;;;;
ACCESORIOS;ACCSSRF;UND;SUPRESOR DE DESCARGAS RF;;$ 954.072 ;$ 181.274 ;$ 1.135.346 ;RADIO ENLACE ;2;;;$ 477.036 ;;;;
ACCESORIOS;ACCHU;UND;"HERRAMIENTA DE MANO PARA APUNTAMIENTO Y MONITORIZACIÓN.
CABLE PROPIETARIO PARA CONEXIÓN INCLUIDO";;$ 1.794.304 ;$ 340.918 ;$ 2.135.222 ;RADIO ENLACE ;2;;;$ 897.152 ;;;;
ACCESORIOS;LNKLU0501520;UND;"UNIDAD PTP ARBA LINK SERIE CERO 10MBPS 4900-5875MHZ. ANT 15DBI.
(REQ FUENTE ALIM)";;$ 2.064.762 ;$ 392.305 ;$ 2.457.067 ;RADIO ENLACE ;2;;;$ 1.032.381 ;;;;
ACCESORIOS;ACCA120S;UND;"ANTENA SECTORIAL DE 120 GRADOS 14 DBI. BANDA 5GHZ. INCLUYE
CABLE RF DE 1M";;$ 2.242.674 ;$ 426.108 ;$ 2.668.782 ;RADIO ENLACE ;1;;;$ 1.121.337 ;;;;
ACCESORIOS;ACCA90S;UND;"ANTENA SECTORIAL DE 90 GRADOS 16 DBI. BANDA 5GHZ. INCLUYE
CABLE RF DE 1M";;$ 2.242.674 ;$ 426.108 ;$ 2.668.782 ;RADIO ENLACE ;1;;;$ 1.121.337 ;;;;
ACCESORIOS;PROSU115020;UND;"ESTACIÓN SUSCRIPTORA ARBA PRO 4900-5875MHZ. ANTENA 20DBI
(REQUIERE FUENTE ALIMENTACIÓN)";;$ 2.613.870 ;$ 496.635 ;$ 3.110.505 ;RADIO ENLACE ;1;;;$ 1.306.935 ;;;;
ACCESORIOS;PROSU115023;UND;"Estación suscriptora ARBA PRO 4900-5875MHz. Antena 23dBi (Requiere
fuente alimentación)";;$ 2.783.088 ;$ 528.787 ;$ 3.311.875 ;RADIO ENLACE ;1;;;$ 1.391.544 ;;;;
ACCESORIOS;GVHDP4201R;UND;VIDEO BALUM PASIVO 1 CH HD RECEPTOR;;$ 8.032 ;$ 1.526 ;$ 9.558 ;VIDEO BALUM;2;;;$ 4.016 ;;;;
ACCESORIOS;HDVBP;UND;ENVPAHD VIDEO BALUM PASIVO PARA HD;;$ 10.260 ;$ 1.949 ;$ 12.209 ;VIDEO BALUM;2;;;$ 5.130 ;;;;
ACCESORIOS;ENVPAHD;UND;HDVBP VIDEO BALUM AHD;;$ 13.334 ;$ 2.533 ;$ 15.867 ;VIDEO BALUM;2;;;$ 6.667 ;;;;
ACCESORIOS;HDVBPDC;UND;VIDEO BALUM AHD CON CORRIENTE;;$ 28.062 ;$ 5.332 ;$ 33.394 ;VIDEO BALUM;2;;;$ 14.031 ;;;;
ACCESORIOS;VBAT24;UND;VIDEO BALUM TRANSMISOR ACTIVO.;;$ 40.222 ;$ 7.642 ;$ 47.864 ;VIDEO BALUM;2;;;$ 20.111 ;;;;
ACCESORIOS;VBAR24;UND;VIDEO BALUM RECEPTOR ACTIVO;;$ 40.246 ;$ 7.647 ;$ 47.893 ;VIDEO BALUM;2;;;$ 20.123 ;;;;
ACCESORIOS;GVHDA4501T;UND;VIDEO BALUM ACTIVO HD TRANSMISOR;;$ 50.308 ;$ 9.559 ;$ 59.867 ;VIDEO BALUM;2;;;$ 25.154 ;;;;
ACCESORIOS;VBAT;UND;"VIDEO BALUM TRANSMISOR ACTIVO 
VIDEO AUDIO DATA";;$ 74.588 ;$ 14.172 ;$ 88.760 ;VIDEO BALUM;2;;;$ 37.294 ;;;;
ACCESORIOS;VBAR;UND;"VIDEO BALUM RECEPTOR ACTIVO 
VIDEO AUDIO DATA";;$ 75.324 ;$ 14.312 ;$ 89.636 ;VIDEO BALUM;2;;;$ 37.662 ;;;;
ACCESORIOS;HDVBP8CH;UND;"ENVPAHD8CH VIDEO BALUM PASIVO 
8CH HD";;$ 85.478 ;$ 16.241 ;$ 101.719 ;VIDEO BALUM;2;;;$ 42.739 ;;;;
ACCESORIOS;HDVBP16CH;UND;"ENVPAHD16CH VIDEO BALUM 16CH HD
 ICLUYE CABLE DE CONEXION";;$ 343.016 ;$ 65.173 ;$ 408.189 ;VIDEO BALUM;2;;;$ 171.508 ;;;;
ACCESORIOS;UTC;UND;CONTROLADOR UTC PARA CAMARAS;;$ 27.456 ;$ 5.217 ;$ 32.673 ;CONTROLES REMOTOS;2;;;$ 13.728 ;;;;
ACCESORIOS;DSTTX41T;UND;"MONITOR 7"" LCD TESTER HD-TVI LCD 
CON CONTROL UTC";;$ 1.388.100 ;$ 263.739 ;$ 1.651.839 ;MONITORES;2;;;$ 694.050 ;;;;
ACCESORIOS;DSMP1301;UND;"MONITOR 7"" TFT-LCD RESOLUCION 
800 × 480 RGB";;$ 1.423.620 ;$ 270.488 ;$ 1.694.108 ;MONITORES;2;;;$ 711.810 ;;;;
ACCESORIOS;GVPSE1001E10;UND;"POE EXTENDER, BANDWIDTH: 10/100MBPS, 48-57V, IEEE802.3AF,
DISTANCIA 100 MTS";;$ 130.708 ;$ 24.835 ;$ 155.543 ;SWITCH POE;2;;;$ 65.354 ;;;;
ACCESORIOS;GVS1004EP2E60W;UND;"SWITCH POE 4 PUERTOS 10/100MBPS +2 PUERTOS 10/100MBPS UP-LINK
IEEE 802.3 AF/AT VOLTAG RANGE DC48~56V";;$ 178.800 ;$ 33.972 ;$ 212.772 ;SWITCH POE;1;;;$ 89.400 ;;;;
ACCESORIOS;GVS1004EP2E120W;UND;"SWITCH POE 4 PUERTOS 10/100MBPS + 2 PUERTOS 10/100MBPS UPLINK,
IEEE 802.3 AF/AT VOLT RANGE DC48~56V";;$ 220.892 ;$ 41.969 ;$ 262.861 ;SWITCH POE;1;;;$ 110.446 ;;;;
ACCESORIOS;LAS3057CNRJ45;UND;"INYECTOR PoE, IEEE 802.3af, 802.3at, 2 PUERTOS 10/100/1000Mbps,
90Vac~264Vac, POTENCIA DE SALIDA 30W";;$ 335.774 ;$ 63.797 ;$ 399.571 ;SWITCH POE;1;;;$ 167.887 ;;;;
ACCESORIOS;GVS1008EP2E;UND;"SWITCH POE 8 PUERTOS 10/100MBPS + 2 PUERTOS 10/100MBPS UPLINK,
IEEE 802.3 AF/AT VOLT RANGE DC48~56V";;$ 399.692 ;$ 75.941 ;$ 475.633 ;SWITCH POE;1;;;$ 199.846 ;;;;
ACCESORIOS;GVS1008EP2G;UND;"SWITCH POE 8 PUERTOS 10/100MBPS + 2 PUERTOS GIGABITE
10/100/1000MBPS UP-LINK, IEEE 802.3 AF/AT";;$ 441.786 ;$ 83.939 ;$ 525.725 ;SWITCH POE;1;;;$ 220.893 ;;;;
ACCESORIOS;LAS6057CNRJ45;UND;"INYECTOR PoE, IEEE 802.3af, 802.3at, 2 PUERTOS 10/100/1000Mbps,
90Vac~264Vac, POTENCIA DE SALIDA 60W";;$ 526.280 ;$ 99.993 ;$ 626.273 ;SWITCH POE;1;;;$ 263.140 ;;;;
ACCESORIOS;DS3E0109PE;UND;"SWITCH 8 PUERTOS PoE 802.3af 10/100 Mbps, 1 PUERTO ETHERNET
100Mbps, IEEE 802.3af, 802.3 at.";;$ 637.020 ;$ 121.034 ;$ 758.054 ;SWITCH POE;1;;;$ 318.510 ;;;;
ACCESORIOS;GVS1008GP2G;UND;"SWITCH POE 8 PUERTOS GIGABITE 10/100/1000MBPS + 2 PUERTOS
GIGABIT 10/100/1000MBPS UP-LINK IEEE 802.3";;$ 652.154 ;$ 123.909 ;$ 776.063 ;SWITCH POE;1;;;$ 326.077 ;;;;
ACCESORIOS;GVS1016EP2C265W;UND;"SWITCH POE 16 PUERTOS 10/100MBPS + 2 PUERTOS GIGABITE + 2
PUERTOS SFP, UP-LINK, IEEE 802.3 AF/AT";;$ 1.314.924 ;$ 249.836 ;$ 1.564.760 ;SWITCH POE;1;;;$ 657.462 ;;;;
ACCESORIOS;GVS1016EP2C420W;UND;"SWITCH POE 16 PUERTOS 10/100MBPS + 2 PUERTOS GIGABITE + 2
PUERTOS SFP UP-LINK, IEEE 802.3 AF/AT";;$ 1.420.062 ;$ 269.812 ;$ 1.689.874 ;SWITCH POE;1;;;$ 710.031 ;;;;
ACCESORIOS;DS3E1318PE;UND;"SWITCH 16 PUERTOS PoE 802.3af 10/100 Mbps, 2 PUERTO ETHERNET
100/1000Mbps, IEEE 802.3af, 802.3 at.";;$ 2.074.740 ;$ 394.201 ;$ 2.468.941 ;SWITCH POE;1;;;$ 1.037.370 ;;;;
ACCESORIOS;DS3E1326PE;UND;"SWITCH 24 PUERTOS PoE 802.3af 10/100 Mbps, 1 PUERTO ETHERNET
100/1000Mbps, IEEE 802.3af, 802.3 at.";;$ 2.615.460 ;$ 496.937 ;$ 3.112.397 ;SWITCH POE;1;;;$ 1.307.730 ;;;;
ACCESORIOS;GVSDK76;UND;"CONTROLADOR PTZ CON 3D COMPATIBLE 
PROTOCOLO PELCO D/P";;$ 450.924 ;$ 85.676 ;$ 536.600 ;CVBS CONTROLADORA PTZ;2;;;$ 225.462 ;;;;
ACCESORIOS;A30XZO;UND;"BASE BAJA PARA DETECTORES DE DETECCIÓN DE INCENDIOS DE LA
GAMA A30";;$ 9.618 ;$ 1.827 ;$ 11.445 ;ACCESORIOS;2;;;$ 4.809 ;;;;
ACCESORIOS;A30XZR;UND;"BASE ALTA PARA DETECTORES DE DETECCIÓN DE INCENDIOS DE LA
GAMA A30, CON RELE. USO EN SISTEMA 4HILOS.";;$ 36.152 ;$ 6.869 ;$ 43.021 ;ACCESORIOS;2;;;$ 18.076 ;;;;
ACCESORIOS;PUCAR;UND;"PULSADOR DE ALARMA REARMABLE CONVENCIONAL, CON LED
INDICATIVO.";;$ 55.700 ;$ 10.583 ;$ 66.283 ;ACCESORIOS;2;;;$ 27.850 ;;;;
ACCESORIOS;PUCAY;UND;"PULSADOR MANUAL DE ALARMA REARMABLE PARA SIST. ALGORITMICO
DIRECCIONABLE, CON AISLADOR DE C/CIRCUITO";;$ 121.756 ;$ 23.134 ;$ 144.890 ;ACCESORIOS;2;;;$ 60.878 ;;;;
ACCESORIOS;KABY;UND;ZÓCALO AISLADOR DE BUCLE;;$ 228.122 ;$ 43.343 ;$ 271.465 ;ACCESORIOS;2;;;$ 114.061 ;;;;
ACCESORIOS;C706;UND;TARJETAS DE PROXIMIDAD;;$ 5.732 ;$ 1.089 ;$ 6.821 ;TARJETAS DE PROXIMIDAD;2;;;$ 2.866 ;;;;
ACCESORIOS;C702;UND;TARJETAS DE PROXIMIDAD;;$ 9.816 ;$ 1.865 ;$ 11.681 ;TARJETAS DE PROXIMIDAD;2;;;$ 4.908 ;;;;
ACCESORIOS;C705A7C;UND;TARJETAS DE PROXIMIDAD COLOR VERDE;;$ 10.602 ;$ 2.014 ;$ 12.616 ;TARJETAS DE PROXIMIDAD;2;;;$ 5.301 ;;;;
ACCESORIOS;C705QBN;UND;TARJETAS DE PROXIMIDAD COLOR ROJO;;$ 10.602 ;$ 2.014 ;$ 12.616 ;TARJETAS DE PROXIMIDAD;2;;;$ 5.301 ;;;;
ACCESORIOS;C705QPN;UND;TARJETAS DE PROXIMIDAD COLOR NEGRO;;$ 10.602 ;$ 2.014 ;$ 12.616 ;TARJETAS DE PROXIMIDAD;2;;;$ 5.301 ;;;;
ACCESORIOS;C705U7N;UND;TARJETAS DE PROXIMIDAD COLOR AZUL;;$ 10.816 ;$ 2.055 ;$ 12.871 ;TARJETAS DE PROXIMIDAD;2;;;$ 5.408 ;;;;
ACCESORIOS;MIRROR;UND;ESPEJO CROMADO PARA NV500;;$ 2.676 ;$ 508 ;$ 3.184 ;ESPEJOS;2;;;$ 1.338 ;;;;
ACCESORIOS;R915;UND;"LECTOR DE PROXIMIDAD CON TECLADO PARA
 EXTERIORES COLOR NEGRO";;$ 308.866 ;$ 58.685 ;$ 367.551 ;CONTROL DE ACCESO;2;;;$ 154.433 ;;;;
ACCESORIOS;ACM12;UND;MODULO CONTROL DE ACCESO TIPO BUS;;$ 405.610 ;$ 77.066 ;$ 482.676 ;CONTROL DE ACCESO;2;;;$ 202.805 ;;;;
ACCESORIOS;GVMSPEAKER;UND;"PARLANTE PARA USO DE PANEL DE 
CONTROL GVMPANEL7LED";;$ 82.880 ;$ 15.747 ;$ 98.627 ;SOLUCION MOVIL ACCESORIOS;2;;;$ 41.440 ;;;;
ACCESORIOS;GVMEASYCHECK;UND;"DISPOSITIVO EASYCHECK QUE FACILIITA 
CONFIGURACION DEL EQUIPO CON LA TABLETA";;$ 216.368 ;$ 41.110 ;$ 257.478 ;SOLUCION MOVIL ACCESORIOS;2;;;$ 108.184 ;;;;
ACCESORIOS;GVMGSENSOR;UND;G-SENSOR;;$ 248.560 ;$ 47.226 ;$ 295.786 ;SOLUCION MOVIL ACCESORIOS;2;;;$ 124.280 ;;;;
ACCESORIOS;GVMPANEL7LED;UND;"PANTALLA LED TOUCH SCREEN 7 PULGADAS
 INCLUYE CABLE DE EXTENSION 5M Y SOPORTE";;$ 854.560 ;$ 162.366 ;$ 1.016.926 ;SOLUCION MOVIL ACCESORIOS;2;;;$ 427.280 ;;;;
ACCESORIOS;DS1006KI;UND;"CONTROLADOR IP CON PANTALLA TACTIL DE 10.1"" S.O ANDROID
RS232/RS422/RS485";;$ 1.041.666 ;$ 197.917 ;$ 1.239.583 ;IP CONTROLADORAS;2;;;$ 520.833 ;;;;
ACCESORIOS;DS1100KI;UND;CONTROLADOR IP PANTALLA LCD AUDIO;;$ 4.834.592 ;$ 918.572 ;$ 5.753.164 ;IP CONTROLADORAS;2;;;$ 2.417.296 ;;;;
ACCESORIOS;DS1600KI;UND;"CONTROLADOR IP 4 EJES PANTALLA TÁCTIL DE 10.1""";;$ 5.216.344 ;$ 991.105 ;$ 6.207.449 ;IP CONTROLADORAS;2;;;$ 2.608.172 ;;;;
ACCESORIOS;BLAZEREXPRESS168P;UND;" ESTACION DE SOFTWARE DE GESTION DE VIDEO INTELIGENTE PARA 16
CAMARAS IP";;$ 5.020.030 ;$ 953.806 ;$ 5.973.836 ;IP SERVIDORES DE ALMACENAMIENTO;2;;;$ 2.510.015 ;;;;
ACCESORIOS;BLAZEREXPRESS32;UND;"ESTACION DE SOFTWARE DE GESTION DE VIDEO INTELIGENTE PARA 32
CAMARAS IP";;$ 8.666.876 ;$ 1.646.706 ;$ 10.313.582 ;IP SERVIDORES DE ALMACENAMIENTO;2;;;$ 4.333.438 ;;;;
ACCESORIOS;BLAZERPROCH128;UND;SERVIDOR TODO EN UNO IVMS5200;;$ 31.421.300 ;$ 5.970.047 ;$ 37.391.347 ;IP SERVIDORES DE ALMACENAMIENTO;1;;;$ 15.710.650 ;;;;
ACCESORIOS;BLAZERPRO256;UND;"SERVIDOR TODO EN UNO WINDOWS 10 RAM 8GB 4 HDD 2 HDMI 4K 1
VGA 1080P AUDIO 1/1 ALARMA 16/8 RAID";;$ 41.091.442 ;$ 7.807.374 ;$ 48.898.816 ;IP SERVIDORES DE ALMACENAMIENTO;1;;;$ 20.545.721 ;;;;
ACCESORIOS;DS6908UDI;UND;"DECODER CON 8 SALIDAS HDMI, 220 VAC ? 70W, H.265+/H.265,
H.264+/H.264, PANTALLA DIVIDIDA 36 CH.";;$ 10.923.420 ;$ 2.075.450 ;$ 12.998.870 ;ENCODER/DECODER;1;;;$ 5.461.710 ;;;;
ACCESORIOS;DS6916UDI;UND;"DECODER CON 16 SALIDAS HDMI, 220 VAC ? 70W, H.265+/H.265,
H.264+/H.264, PANTALLA DIVIDIDA 36 CH.";;$ 11.813.420 ;$ 2.244.550 ;$ 14.057.970 ;ENCODER/DECODER;1;;;$ 5.906.710 ;;;;
ACCESORIOS;DS1005KI;UND;"CONTROLADOR USB COMPATIBLE CON SOFTWARE IVMS4200 (V2.02.03
O SUPERIOR)";;$ 969.786 ;$ 184.259 ;$ 1.154.045 ;CVBS CONTROLADORAS PTZ;2;;;$ 484.893 ;;;;
ACCESORIOS;DS1004KI;UND;CONTROLADOR PARA DOMO PTZ EN 3D;;$ 1.011.634 ;$ 192.210 ;$ 1.203.844 ;CVBS CONTROLADORAS PTZ;2;;;$ 505.817 ;;;;
ACCESORIOS;UTPCAT5E100;UND;CABLE UTP CATEGORIA 5e CAJA 100Mts/UTPCAT;;$ 54.278 ;$ 10.313 ;$ 64.591 ;CVBS CONTROLADORAS PTZ;2;;;$ 27.139 ;;;;
ACCESORIOS;UTPCAT6100;UND;CABLE UTP CATEGORIA 6 23 AWG 4 PARES 100MTS;;$ 93.674 ;$ 17.798 ;$ 111.472 ;UTP;2;;;$ 46.837 ;;;;
ACCESORIOS;UTPCAT5SIAMESE100;UND;"CABLE UTP CATEGORIA 5 SIEMESE 24AWG 4 
PARES 100MTS";;$ 112.498 ;$ 21.375 ;$ 133.873 ;UTP;2;;;$ 56.249 ;;;;
ACCESORIOS;UTPCAT5;UND;CABLE UTP CATEGORIA 5e CAJA 305m;;$ 136.746 ;$ 25.982 ;$ 162.728 ;UTP;2;;;$ 68.373 ;;;;
ACCESORIOS;UTPCAT5ECCAE;UND;"CABLE UTP CATEGORIA 5e CCAE CAJA 305m 24AWG 4P*2*0.5MM 40%
COBRE";;$ 180.926 ;$ 34.376 ;$ 215.302 ;UTP;2;;;$ 90.463 ;;;;
ACCESORIOS;UTPCAT6;UND;CABLE UTP CATEGORIA 6 23 AWG 4 PARES;;$ 202.624 ;$ 38.499 ;$ 241.123 ;UTP;2;;;$ 101.312 ;;;;
ACCESORIOS;UTPCAT5EXT;UND;CABLE UTP CATEGORIA 5 PARA EXTERIORES 4 PARES;;$ 208.800 ;$ 39.672 ;$ 248.472 ;UTP;2;;;$ 104.400 ;;;;
ACCESORIOS;UTPCAT6EXT;UND;"CABLE UTP CATEGORIA 6 PARA EXTERIORES
 4 PARES";;$ 255.190 ;$ 48.486 ;$ 303.676 ;UTP;2;;;$ 127.595 ;;;;
ACCESORIOS;UTPCAT6CCAE;UND;CABLE UTP CATEGORIA 6 CCAE 23 AWG 4P*2*0.57MM 40% COBRE;;$ 265.078 ;$ 50.365 ;$ 315.443 ;UTP;2;;;$ 132.539 ;;;;
ACCESORIOS;UTPCAT5SIAMESE;UND;CABLE UTP CATEGORIA 5 SIEMESE 24AWG 4 PARES;;$ 294.716 ;$ 55.996 ;$ 350.712 ;UTP;2;;;$ 147.358 ;;;;
ACCESORIOS;UTPCAT5EBC;UND;"CABLE UTP CATEGORIA 5e CAJA 305m 100% COBRE FLUKE PASS
CERTIFICACION UL";;$ 401.704 ;$ 76.324 ;$ 478.028 ;UTP;2;;;$ 200.852 ;;;;
ACCESORIOS;UTPCAT6BC;UND;"CABLE UTP CATEGORIA 6 CAJA 305M 100% COBRE FLUKE PASS
CERTIFICACION UL";;$ 542.896 ;$ 103.150 ;$ 646.046 ;UTP;2;;;$ 271.448 ;;;;
ACCESORIOS;ENHD1218;UND;CABLE HDMI 1,8MTS PLANO PLASTICO;;$ 9.992 ;$ 1.898 ;$ 11.890 ;HDMI;2;;;$ 4.996 ;;;;
ACCESORIOS;ENHD0318;UND;CABLE HDMI 1, 8 MTS REDONDO NYLON;;$ 14.124 ;$ 2.684 ;$ 16.808 ;HDMI;2;;;$ 7.062 ;;;;
ACCESORIOS;ENHD123;UND;CABLE HDMI 3MTS PLANO PLASTICO;;$ 15.564 ;$ 2.957 ;$ 18.521 ;HDMI;2;;;$ 7.782 ;;;;
ACCESORIOS;ENHD033;UND;CABLE HDMI 3MTS REDONDO NYLON;;$ 26.324 ;$ 5.002 ;$ 31.326 ;HDMI;2;;;$ 13.162 ;;;;
ACCESORIOS;ENHD035;UND;CABLE HDMI 5MTS REDONDO NYLON;;$ 37.566 ;$ 7.138 ;$ 44.704 ;HDMI;2;;;$ 18.783 ;;;;
ACCESORIOS;ENHD063;UND;CABLE HDMI 3MTS PLANO NYLON;;$ 39.582 ;$ 7.521 ;$ 47.103 ;HDMI;2;;;$ 19.791 ;;;;
ACCESORIOS;ENHD065;UND;CABLE HDMI 5MTS PLANO NYLON;;$ 53.706 ;$ 10.204 ;$ 63.910 ;HDMI;2;;;$ 26.853 ;;;;
ACCESORIOS;ENHD037;UND;CABLE HDMI 7MTS REDONDO NYLON;;$ 63.122 ;$ 11.993 ;$ 75.115 ;HDMI;2;;;$ 31.561 ;;;;
ACCESORIOS;ENHD067;UND;CABLE HDMI 7MTS PLANO NYLON;;$ 78.108 ;$ 14.841 ;$ 92.949 ;HDMI;2;;;$ 39.054 ;;;;
ACCESORIOS;ALAR4X22;UND;CABLE DE ALARMA 4 HILOS;;$ 40.040 ;$ 7.608 ;$ 47.648 ;ALARMA;2;;;$ 20.020 ;;;;
ACCESORIOS;ALAR6X22;UND;CABLE DE ALARMA 6 HILOS;;$ 56.204 ;$ 10.679 ;$ 66.883 ;ALARMA;2;;;$ 28.102 ;;;;
ACCESORIOS;CABM1DC;UND;CABLE DC MACHO LONGITUD: 0.3 M;;$ 1.116 ;$ 212 ;$ 1.328 ;CABLES DC;2;;;$ 558 ;;;;
ACCESORIOS;CABH1DC;UND;CABLE DC HEMBRA LONGITUD 0.3;;$ 1.316 ;$ 250 ;$ 1.566 ;CABLES DC;2;;;$ 658 ;;;;
ACCESORIOS;CABH1M4 ;UND;"ENCABHIM4 CABLE DC DIVISOR 1 HEMBRA A 4 MACHOS LONGITUD 0.5
M";;$ 7.558 ;$ 1.436 ;$ 8.994 ;CABLES DC;2;;;$ 3.779 ;;;;
ACCESORIOS;CAB218FPLRF;UND;"SAR0203 CABLE FPLR 2*18 AWG SOLIDO HT105º APANTALLADO ROJO
*305 MTS UL LISTED";;$ 737.100 ;$ 140.049 ;$ 877.149 ;CABLE INCENDIO;2;;;$ 368.550 ;;;;
ACCESORIOS;CAB216FPLR;UND;"SAR0202 CABLE FPLR 2*16 AWG SOLIDO HT105º APANTALLADO ROJO
*305 MTS UL LISTED.";;$ 1.008.000 ;$ 191.520 ;$ 1.199.520 ;CABLE INCENDIO;2;;;$ 504.000 ;;;;
ACCESORIOS;GVMCABAHD5M;UND;CABLE EXTENSOR PARA CAMARA AHD VEHICULAR 5 METROS;;$ 9.200 ;$ 1.748 ;$ 10.948 ;CABLES SOLUCION MOVIL;2;;;$ 4.600 ;;;;
ACCESORIOS;GVMCAB4PBNC;UND;CABLE CONECTOR DE 4 PINES A BNC;;$ 24.880 ;$ 4.727 ;$ 29.607 ;CABLES SOLUCION MOVIL;2;;;$ 12.440 ;;;;
ACCESORIOS;GVMCABIP5M;UND;CABLE EXTENSOR PARA CAMARA IP VEHICULAR 5 METROS 6 PINES;;$ 33.120 ;$ 6.293 ;$ 39.413 ;CABLES SOLUCION MOVIL;2;;;$ 16.560 ;;;;
ACCESORIOS;DSMP21004;UND;CABLE TIPO AVION 4M PARA CONECTAR CAMARA A DVR MOVIL;;$ 34.592 ;$ 6.572 ;$ 41.164 ;CABLES SOLUCION MOVIL;2;;;$ 17.296 ;;;;
ACCESORIOS;DSMP210016;UND;CABLE TIPO AVION 16M PARA CONECTAR CAMARA A DVR MOVIL;;$ 77.874 ;$ 14.796 ;$ 92.670 ;CABLES SOLUCION MOVIL;2;;;$ 38.937 ;;;;
ACCESORIOS;CVMCABTR;UND;"CABLE DE TRANSFERENCIA DE DVR REF.
GVMM1043GSD/GVMM1044GSD A PANTALLA REF. GVMM1043GSD";;$ 88.926 ;$ 16.896 ;$ 105.822 ;CABLES SOLUCION MOVIL;2;;;$ 44.463 ;;;;
ACCESORIOS;CAB15VDCBNC;UND;"CABLE EXTENSOR BNC+DC240 DIAMETRO: 4.0 MM LONGITUD 15
METROS";;$ 28.908 ;$ 5.493 ;$ 34.401 ;CABLES EXTENSOR;2;;;$ 14.454 ;;;;
ACCESORIOS;CAB20VDCBNC;UND;CABLE EXTENSOR BNC+DC240 DIAMETRO: 4.0 LONGITUD 20 METROS;;$ 31.614 ;$ 6.007 ;$ 37.621 ;CABLES EXTENSOR;2;;;$ 15.807 ;;;;
ACCESORIOS;CAB30VDCBNC;UND;CABLE EXTENSOR BNC+DC240 DIAMETRO: 4.0 LONGITUD 30 METROS;;$ 45.574 ;$ 8.659 ;$ 54.233 ;CABLES EXTENSOR;2;;;$ 22.787 ;;;;
ACCESORIOS;34974;UND;"ADAPTADOR DE SIERRA PARA CALAR CORTES
 RAPIDOS Y FLEXIBLES";;$ 222.850 ;$ 42.342 ;$ 265.192 ;ADAPTADOR;2;;;$ 111.425 ;;;;
ACCESORIOS;1648;UND;"BATERIA DE LITIO RECARGABLE, 20 VOLTIOS
 CRAFTSMAN";;$ 401.182 ;$ 76.225 ;$ 477.407 ;BATERIAS;2;;;$ 200.591 ;;;;
ACCESORIOS;34975;UND;"ACCESORIO CRAFTSMAN PARA MARTILLO PERFORADOR DE 2
VELOCIDADES";;$ 312.180 ;$ 59.314 ;$ 371.494 ;ACCESORIOS;2;;;$ 156.090 ;;;;
ACCESORIOS;34979;UND;ACCESORIO CRAFTSMAN PARA CALADORA (SIERRA);;$ 312.180 ;$ 59.314 ;$ 371.494 ;ACCESORIOS;2;;;$ 156.090 ;;;;
ACCESORIOS;17x52x40;UND;Gabinete para DVR grande;;$ 250.400 ;$ 47.576 ;$ 297.976 ;RACK PARA GABINETES;1;;;$ 125.200 ;;;;
ACCESORIOS;20X34X30;UND;Gabinete DVR pequeño con bandeja;;$ 146.000 ;$ 27.740 ;$ 173.740 ;RACK PARA GABINETES;1;;;$ 73.000 ;;;;
ACCESORIOS;20x40x30;UND;Gabinete para DVR;;$ 158.000 ;$ 30.020 ;$ 188.020 ;RACK PARA GABINETES;1;;;$ 79.000 ;;;;
ACCESORIOS;20x45x42;UND;Gabinete mediano para DVR con bandeja;;$ 250.000 ;$ 47.500 ;$ 297.500 ;RACK PARA GABINETES;1;;;$ 125.000 ;;;;
ACCESORIOS;30x52x40;UND;Gabinete grande para DVR con bandeja;;$ 280.000 ;$ 53.200 ;$ 333.200 ;RACK PARA GABINETES;1;;;$ 140.000 ;;;;
ACCESORIOS;30x52x60;UND;Gabinete grande para DVR con bandeja;;$ 298.000 ;$ 56.620 ;$ 354.620 ;RACK PARA GABINETES;1;;;$ 149.000 ;;;;
ACCESORIOS;DC HEMBRA;UND;BORNERA HEMBRA;;$ 1.500 ;$ 285 ;$ 1.785 ;ACCESORIOS PARA INTALACION;2;;;$ 750 ;;;;
ACCESORIOS;DC MACHO;UND;BORNERA MACHO;;$ 1.500 ;$ 285 ;$ 1.785 ;ACCESORIOS PARA INTALACION;2;;;$ 750 ;;;;
ACCESORIOS;BNC;UND;RCA A BNC;;$ 3.100 ;$ 589 ;$ 3.689 ;ACCESORIOS PARA INTALACION;2;;;$ 1.550 ;;;;
ACCESORIOS;B001;UND;Soporte mini metalico gris para camara;;$ 24.700 ;$ 4.693 ;$ 29.393 ;ACCESORIOS PARA INTALACION;2;;;$ 12.350 ;;;;
ACCESORIOS;B003;UND;Soporte metalico camara blanco;;$ 30.800 ;$ 5.852 ;$ 36.652 ;ACCESORIOS PARA INTALACION;2;;;$ 15.400 ;;;;
ACCESORIOS;B004;UND;Soporte metalico extensible 1 mt;;$ 92.400 ;$ 17.556 ;$ 109.956 ;ACCESORIOS PARA INTALACION;2;;;$ 46.200 ;;;;
ACCESORIOS;B007;UND;Base plastica para domo;;$ 1.500 ;$ 285 ;$ 1.785 ;ACCESORIOS PARA INTALACION;2;;;$ 750 ;;;;
ACCESORIOS;PROTECRJ45;UND;Protector azul rj45;;$ 3.100 ;$ 589 ;$ 3.689 ;ACCESORIOS PARA INTALACION;2;;;$ 1.550 ;;;;
ACCESORIOS;JH- MICROFONO;UND;Microfono para cctv;;$ 18.000 ;$ 3.420 ;$ 21.420 ;ACCESORIOS PARA INTALACION;2;;;$ 9.000 ;;;;
ACCESORIOS;MICROFONO;UND;"Microfono para cctv con 45 cm memory
system de audio y poder";;$ 82.100 ;$ 15.599 ;$ 97.699 ;ACCESORIOS PARA INTALACION;2;;;$ 41.050 ;;;;
ACCESORIOS;IMP;UND;Caja de sobreponer;;$ 5.800 ;$ 1.102 ;$ 6.902 ;ACCESORIOS PARA INTALACION;2;;;$ 2.900 ;;;;
ACCESORIOS;UTPCAT5EXTX100;UND;Cable utp 5 ext x 100mts;;$ 106.700 ;$ 20.273 ;$ 126.973 ;CABLE 100MTS ENERLINE;2;;;$ 53.350 ;;;;
ACCESORIOS;UTPCAT6EXTX100;UND;Cable utp 6 ext x 100mts;;$ 127.300 ;$ 24.187 ;$ 151.487 ;CABLE 100MTS ENERLINE;2;;;$ 63.650 ;;;;
ACCESORIOS;UTPCAT6BCX100MTS;UND;Cable utp 5 exterior 100% cobre;;$ 697.600 ;$ 132.544 ;$ 830.144 ;CABLE 100MTS ENERLINE;1;;;$ 348.800 ;;;;
ACCESORIOS;GETUTP5C0EXTX10;UND;Cable get cat 5 ext 100% x 100 mts;;$ 250.000 ;$ 47.500 ;$ 297.500 ;CBLA 100% COBRE GET;2;;;$ 125.000 ;;;;
ACCESORIOS;GETUTP5C0BEXT;UND;Cable utp 5 100% cobre exterior x 305;;$ 560.000 ;$ 106.400 ;$ 666.400 ;CBLA 100% COBRE GET;2;;;$ 280.000 ;;;;
ACCESORIOS;GETUTP6C0EXTX10;UND;Cable get cat 6 ext 100% x 100 mts;;$ 344.000 ;$ 65.360 ;$ 409.360 ;CBLA 100% COBRE GET;2;;;$ 172.000 ;;;;
ACCESORIOS;UTPCAT6BCX100MTS;UND;Cable utp 6 100% cobre exterior x 305;;$ 697.600 ;$ 132.544 ;$ 830.144 ;CBLA 100% COBRE GET;2;;;$ 348.800 ;;;;
ALARMAS;PS412;UND;BATERIA 12 V 4 AMP;;$ 39.086 ;$ 7.426 ;$ 46.512 ;BATERIAS;2;;;$ 19.543 ;;;;
ALARMAS;PS712;UND;BATERIA 12 V 7 AMP;;$ 58.200 ;$ 11.058 ;$ 69.258 ;BATERIAS;2;;;$ 29.100 ;;;;
ALARMAS;PB67A;UND;BOTON DE PANICO;;$ 3.364 ;$ 639 ;$ 4.003 ;BOTON DE PANICO;2;;;$ 1.682 ;;;;
ALARMAS;PB45;UND;BOTON DE PANICO CON LLAVE 5x5x3 CM;;$ 4.422 ;$ 840 ;$ 5.262 ;BOTON DE PANICO;2;;;$ 2.211 ;;;;
ALARMAS;GABINETEPEQ;UND;"GABINETE METALICO PARA ALARMA 
DIMENSIONES: 8X10X3";;$ 24.656 ;$ 4.685 ;$ 29.341 ;CAJAS;2;;;$ 12.328 ;;;;
ALARMAS;GABINETEGRAN;UND;CAJA METALICA DIMENSIONES 28 x 28 x 7.6 cm;;$ 42.240 ;$ 8.026 ;$ 50.266 ;CAJAS;2;;;$ 21.120 ;;;;
ALARMAS;2780000020;UND;CAJA METALICA 8X10X3;;$ 46.920 ;$ 8.915 ;$ 55.835 ;CAJAS;2;;;$ 23.460 ;;;;
ALARMAS;2780000030;UND;CAJA METALICA 11X11X3;;$ 65.796 ;$ 12.501 ;$ 78.297 ;CAJAS;2;;;$ 32.898 ;;;;
ALARMAS;WB101G4K;UND;"SOPORTE DE PARED PARA REM101 COLOR
 BLANCO";;$ 3.932 ;$ 747 ;$ 4.679 ;CONTROLES REMOTOS;2;;;$ 1.966 ;;;;
ALARMAS;VC20;UND;SOPORTE PARA CONTROL REMOTO REM2;;$ 12.738 ;$ 2.420 ;$ 15.158 ;CONTROLES REMOTOS;2;;;$ 6.369 ;;;;
ALARMAS;B101D6C;UND;CORREA TIPO RELOJ PARA REM101;;$ 22.554 ;$ 4.285 ;$ 26.839 ;CONTROLES REMOTOS;2;;;$ 11.277 ;;;;
ALARMAS;REM15;UND;"CONTROL REMOTO MAGELLAN CON BOTONES CON LUZ DE FONDO
PARA CENTRALES PARADOX";;$ 80.518 ;$ 15.298 ;$ 95.816 ;CONTROLES REMOTOS;2;;;$ 40.259 ;;;;
ALARMAS;REM101;UND;"BOTON DE PANICO INALAMBRICO PARA
 CENTRALES PARADOX";;$ 81.016 ;$ 15.393 ;$ 96.409 ;CONTROLES REMOTOS;2;;;$ 40.508 ;;;;
ALARMAS;REM1;UND;"CONTROL REMOTO MAGELLAN CON BOTONES CON LUZ DE FONDO
PARA CENTRALES PARADOX";;$ 84.566 ;$ 16.068 ;$ 100.634 ;CONTROLES REMOTOS;2;;;$ 42.283 ;;;;
ALARMAS;REM25G3H;UND;"CONTROL REMOTO BIDIRECCIONAL MAGELLAN INALAMBRICO 433mhz
COLOR BLANCO";;$ 122.586 ;$ 23.291 ;$ 145.877 ;CONTROLES REMOTOS;2;;;$ 61.293 ;;;;
ALARMAS;REM2;UND;"CONTROL REMOTO BIDIRECCIONAL MAGELLAN CON BOTONES CON
LUZ DE FONDO PARA CENTRALES PARADOX";;$ 125.216 ;$ 23.791 ;$ 149.007 ;CONTROLES REMOTOS;2;;;$ 62.608 ;;;;
ALARMAS;RAC1;UND;CONTROL REMOTO CON TARJETA DE ACCESO INTEGRADA;;$ 132.318 ;$ 25.140 ;$ 157.458 ;CONTROLES REMOTOS;2;;;$ 66.159 ;;;;
ALARMAS;MS38;UND;"CONTACTO MAGNETICO PARA VENTANAS NORMALMENTE CERRADO
COLOR BLANCO";;$ 3.478 ;$ 661 ;$ 4.139 ;CONTACTOS MAGNETICOS;2;;;$ 1.739 ;;;;
ALARMAS;MS31;UND;"CONTACTO MAGNETICO PARA PUERTAS DE MADERA NORMALMENTE
CERRADO COLOR BLANCO";;$ 3.604 ;$ 685 ;$ 4.289 ;CONTACTOS MAGNETICOS;2;;;$ 1.802 ;;;;
ALARMAS;MCOH;UND;MS60L CONTACTO MAGNETICO METALICO;;$ 26.600 ;$ 5.054 ;$ 31.654 ;CONTACTOS MAGNETICOS;2;;;$ 13.300 ;;;;
ALARMAS;AM1652400A;UND;"TRANSFORMADOR 16V 40VAC PARA PANEL 
DE ALARMA";;$ 35.826 ;$ 6.807 ;$ 42.633 ;FUENTES DE PODER;2;;;$ 17.913 ;;;;
ALARMAS;PA6;UND;FUENTE DE PODER DE 6V PARA TECLADO K32RF;;$ 50.494 ;$ 9.594 ;$ 60.088 ;FUENTES DE PODER;2;;;$ 25.247 ;;;;
ALARMAS;PS817;UND;CARGADOR Y FUENTE DE PODER 12 VDC 1 75 AMP;;$ 59.598 ;$ 11.324 ;$ 70.922 ;FUENTES DE PODER;2;;;$ 29.799 ;;;;
ALARMAS;781200148;UND;BATERIA MG6250;;$ 75.664 ;$ 14.376 ;$ 90.040 ;FUENTES DE PODER;2;;;$ 37.832 ;;;;
ALARMAS;PS17;UND;"MODULO FUENTE DE ALIMENTACION 1.7 AMP 
PARA SISTEMAS PARADOX";;$ 199.050 ;$ 37.820 ;$ 236.870 ;FUENTES DE PODER;2;;;$ 99.525 ;;;;
ALARMAS;COMCBL;UND;CABLE DE COMUNICACION PARA IP150 Y PCS250G;;$ 11.748 ;$ 2.232 ;$ 13.980 ;MODULOS DE COMUNICACIÓN;2;;;$ 5.874 ;;;;
ALARMAS;EXT;UND;"EXTENSION DE CABLE PARA ANTENA ANTKIT 2m/6ft CABLE COAXIAL
RG174";;$ 36.094 ;$ 6.858 ;$ 42.952 ;MODULOS DE COMUNICACIÓN;2;;;$ 18.047 ;;;;
ALARMAS;EXTE5T;UND;"EXTENSION DE CABLE PARA ANTENA ANTKIT 4MT CABLE COAXIAL
RG174";;$ 66.376 ;$ 12.611 ;$ 78.987 ;MODULOS DE COMUNICACIÓN;2;;;$ 33.188 ;;;;
ALARMAS;CVT485;UND;CONVERTIDOR EXTERNO RS485;;$ 91.752 ;$ 17.433 ;$ 109.185 ;MODULOS DE COMUNICACIÓN;2;;;$ 45.876 ;;;;
ALARMAS;EXTH4S;UND;"EXTENSION DE CABLE PARA ANTENA ANTKIT 7MT CABLE COAXIAL
RG174";;$ 99.754 ;$ 18.953 ;$ 118.707 ;MODULOS DE COMUNICACIÓN;2;;;$ 49.877 ;;;;
ALARMAS;PMC5;UND;"DISPOSITIVO DE RESPALDO PARA CENTRALES 
PARADOX USB";;$ 149.446 ;$ 28.395 ;$ 177.841 ;MODULOS DE COMUNICACIÓN;2;;;$ 74.723 ;;;;
ALARMAS;UC300;UND;"CONVERSOR UNIVERSAL DE LINEA TELEFÓNICA A IP Y GPRS PARADOX.
FORMATO CONTACT ID.";;$ 156.204 ;$ 29.679 ;$ 185.883 ;MODULOS DE COMUNICACIÓN;2;;;$ 78.102 ;;;;
ALARMAS;VDMP3;UND;MODULO DE VOZ EXTERNO;;$ 162.076 ;$ 30.794 ;$ 192.870 ;MODULOS DE COMUNICACIÓN;2;;;$ 81.038 ;;;;
ALARMAS;307USB;UND;INTERFAZ DE CONEXION DIRECTA PARA CENTRALES PARADOX;;$ 187.744 ;$ 35.671 ;$ 223.415 ;MODULOS DE COMUNICACIÓN;2;;;$ 93.872 ;;;;
ALARMAS;HUB2;UND;"HUB AISLADOR Y AMPLIFICADOR DE SEÑAL PARA BUS. COMPATIBLE
CON SPECTRA PLUS Y EVO";;$ 225.212 ;$ 42.790 ;$ 268.002 ;MODULOS DE COMUNICACIÓN;2;;;$ 112.606 ;;;;
ALARMAS;IP150;UND;MODULO INTERNET IP;;$ 289.390 ;$ 54.984 ;$ 344.374 ;MODULOS DE COMUNICACIÓN;2;;;$ 144.695 ;;;;
ALARMAS;PCS250G03;UND;"MODULO COMUNICADOR GPRS/SMS, INCLUYE GPRS16 Y CONECTOR
PARA EXTNSION DE ANTENA";;$ 304.212 ;$ 57.800 ;$ 362.012 ;MODULOS DE COMUNICACIÓN;2;;;$ 152.106 ;;;;
ALARMAS;PCS250G01;UND;MODULO COMUNICADOR GPRS SMS, INCLUYE MODULO GPRS14;;$ 370.194 ;$ 70.337 ;$ 440.531 ;MODULOS DE COMUNICACIÓN;2;;;$ 185.097 ;;;;
ALARMAS;PCS250;UND;"MODULO COMUNICADOR GPRS, GSM,SMS, 16 TEL. COMPATIBLE CON
VDMP3";;$ 498.014 ;$ 94.623 ;$ 592.637 ;MODULOS DE COMUNICACIÓN;2;;;$ 249.007 ;;;;
ALARMAS;PCS260A;UND;COMUNICADOR GSM 4G PARADOX;;$ 639.306 ;$ 121.468 ;$ 760.774 ;MODULOS DE COMUNICACIÓN;2;;;$ 319.653 ;;;;
ALARMAS;PCS260STY;UND;MODULO COMUNICADOR 4G / 3G / 2G o GSM;;$ 640.610 ;$ 121.716 ;$ 762.326 ;MODULOS DE COMUNICACIÓN;2;;;$ 320.305 ;;;;
ALARMAS;PR512;UND;RECEPTOR DE MONITOREO GPRS/IP;;$ 1.918.850 ;$ 364.582 ;$ 2.283.432 ;MODULOS DE COMUNICACIÓN;2;;;$ 959.425 ;;;;
SOFTWARE;IVMS520016CH;UND;LICENCIA DE 16 CANALES PARA SOFTWARE IVMS5200;;$ 1.400.000 ;$ 266.000 ;$ 1.666.000 ;SOFTWARE;2;;;$ 700.000 ;;;;
UPS;NT501;UND;"UPS 500VA 250W 4 SALIDAS 120V FREC 50/60Hz CON AVR SUPRESIÓN
DE PICOS Y RESPALDO POR BATERIA US PLUG";;$ 292.706 ;$ 55.614 ;$ 348.320 ;UPS;2;;;$ 146.353 ;;;;
UPS;NT761;UND;"UPS 750VA 375W 4 SALIDAS 120V FREC 50/60Hz CON AVR SUPRESIÓN
DE PICOS Y RESPALDO POR BATERIA US PLUG";;$ 347.776 ;$ 66.077 ;$ 413.853 ;UPS;2;;;$ 173.888 ;;;;
UPS;SL761LCD;UND;"UPS INTERACTIVA 750VA/375W 6 SALIDAS 120V@60Hz CON AVR
SUPRESIÓN RESPALDO USPLUG SOFTWARE DE CONTROL";;$ 404.656 ;$ 76.885 ;$ 481.541 ;UPS;2;;;$ 202.328 ;;;;
CONTROL DE ACCESO;R915;UND;"LECTOR DE PROXIMIDAD CON TECLADO PARA
 EXTERIORES COLOR NEGRO";;$ 308.866 ;$ 58.685 ;$ 367.551 ;CONTROL DE ACCESO;2;;;$ 154.433 ;;;;
CONTROL DE ACCESO;ACM12;UND;MODULO CONTROL DE ACCESO TIPO BUS;;$ 405.610 ;$ 77.066 ;$ 482.676 ;CONTROL DE ACCESO;2;;;$ 202.805 ;;;;
CONTROLES DE ACCESO;X7;UND;"CONTROL DE ACCESO STAND ALONE: 200 HUELLAS 500 TARJETAS
2.200 REG. SENSOR DE PUERTA BOTON DE SALIDA";;$ 264.424 ;$ 50.241 ;$ 314.665 ;CONTROL DE ACCESO;2;;;$ 132.212 ;;;;
CONTROLES DE ACCESO;SCR100;UND;"CONTROL DE ACCESO IP CON LECTOR RFID:30.000 USUARIOS, 50.000
REGSITROS, RS485, TCP/IP INCLUYE FUENT";;$ 397.354 ;$ 75.497 ;$ 472.851 ;CONTROL DE ACCESO;2;;;$ 198.677 ;;;;
CONTROLES DE ACCESO;MA500;UND;CONTROL DE ACCESO CON HUELLA DACTILAR MA300;;$ 616.986 ;$ 117.227 ;$ 734.213 ;CONTROL DE ACCESO;2;;;$ 308.493 ;;;;
CONTROLES DE ACCESO;F19ID;UND;"CONTROL DE ACCESO 3.000 HUELLA 30.000 REGISTROS TCP/IP USB
ENT/SAL WIEGAND ANTI-PASSBACK COMP FR1200";;$ 969.552 ;$ 184.215 ;$ 1.153.767 ;CONTROL DE ACCESO;2;;;$ 484.776 ;;;;
CONTROLES DE ACCESO;C3200PACKAGEB;UND;"C3400CASEB-CONTROL ACCESO 2 PUERTAS 3000 HUELLAS 30000
TARJETAS WEIGAND 26 bits TCP/IP";;$ 988.134 ;$ 187.745 ;$ 1.175.879 ;CONTROL DE ACCESO;2;;;$ 494.067 ;;;;
CONTROLES DE ACCESO;INBIO260PRO;UND;"CONTROL ACCESO 2 PUERTAS 3000 HUELLAS30000 TARJETAS
WEIGAND 26 bitsTCP/IP 9.6 - 14.4 VCD";;$ 1.199.710 ;$ 227.945 ;$ 1.427.655 ;CONTROL DE ACCESO;2;;;$ 599.855 ;;;;
CONTROLES DE ACCESO;C3400PACKAGEB;UND;"C3400CASEB-CONTROL ACCESO 4 PUERTAS 3000 HUELLAS 30000
TARJETAS WEIGAND 26 bits TCP/IP";;$ 1.223.452 ;$ 232.456 ;$ 1.455.908 ;CONTROL DE ACCESO;2;;;$ 611.726 ;;;;
CONTROLES DE ACCESO;FAC700;UND;Control de Acceso Facial Capacidad 1500 TCP/IP Salida/Entrada Wiegand;;$ 1.303.422 ;$ 247.650 ;$ 1.551.072 ;CONTROL DE ACCESO;2;;;$ 651.711 ;;;;
CONTROLES DE ACCESO;TF1700;UND;"CONTROL DE ACCESO 3.000 HUELLAS 30.000 TARJETAS 100.000 TRANS.
TCP/IP RS485 USB HOST ENT/SAL WIEGAND";;$ 1.381.578 ;$ 262.500 ;$ 1.644.078 ;CONTROL DE ACCESO;2;;;$ 690.789 ;;;;
CONTROLES DE ACCESO;INBIO260PACKAGEB;UND;PANEL CONTROL DE ACCESO PARA DOS PUERTAS;;$ 1.677.552 ;$ 318.735 ;$ 1.996.287 ;CONTROL DE ACCESO;2;;;$ 838.776 ;;;;
CONTROLES DE ACCESO;INBIO460CASEB;UND;INBIO460PACKAGEB PANEL CONTROL DE ACCESO;;$ 1.938.004 ;$ 368.221 ;$ 2.306.225 ;CONTROL DE ACCESO;2;;;$ 969.002 ;;;;
CONTROLES DE ACCESO;K30ID;UND;"SISTEMA DE TIEMPO Y ASISTENCIA: USUARIOS:
1000, REGISTROS: 80.000, RESPALDO BATERIA.";;$ 484.774 ;$ 92.107 ;$ 576.881 ;CONTROLES DE TIEMPO Y ASISTENCIA;2;;;$ 242.387 ;;;;
CONTROLES DE ACCESO;SF400ID;UND;"TERMINAL DE CONTROL DE TIEMPO Y ASISTENCIA Y CONTROL DE
ACCESO 1500 HUELLAS 5000 TARJETAS SIN FUENTE";;$ 528.846 ;$ 100.481 ;$ 629.327 ;CONTROLES DE TIEMPO Y ASISTENCIA;2;;;$ 264.423 ;;;;
CONTROLES DE ACCESO;MB160ID;UND;"ASISTENCIA Y CONTROL DE ACCESO .200 ROSTROS, 1.500 HUELLAS,
100.000 EVENTOS";;$ 662.732 ;$ 125.919 ;$ 788.651 ;CONTROLES DE TIEMPO Y ASISTENCIA;2;;;$ 331.366 ;;;;
CONTROLES DE ACCESO;IN01AID;UND;"TIEMPO Y ASISTENCIA USUARIO:3000 HUELLAS 10.000 TARJETAS RS485
TCP/IP USB HOST ENT/SAL WIEGAND";;$ 1.184.170 ;$ 224.992 ;$ 1.409.162 ;CONTROLES DE TIEMPO Y ASISTENCIA;2;;;$ 592.085 ;;;;
CONTROLES DE ACCESO;G1;UND;"TIEMPO Y ASISTENCIA 5000 HUELLAS 15000 TARJETAS TCP/IP SOPORTA
WEIGAND BOTON DE SALIDA 5V DC";;$ 1.302.560 ;$ 247.486 ;$ 1.550.046 ;CONTROLES DE TIEMPO Y ASISTENCIA;2;;;$ 651.280 ;;;;
CONTROLES DE ACCESO;SILKFP100TA;UND;"TIEMPO Y ASISTENCIA SENSOR SILKID 3000 HUELLAS 10000 TARJETAS
TCP/IP 5V DC AHORRADOR ENERGIA.";;$ 1.381.578 ;$ 262.500 ;$ 1.644.078 ;CONTROLES DE TIEMPO Y ASISTENCIA;2;;;$ 690.789 ;;;;
CONTROLES DE ACCESO;ZpadID;UND;"TIEMPO Y ASISTENCIA: 6000 USUARIOS, 200.000 REGISTROS, PANTALLA
LCD, TCP-IP. BATERÍA RESPALDO";;$ 1.421.970 ;$ 270.174 ;$ 1.692.144 ;CONTROLES DE TIEMPO Y ASISTENCIA;2;;;$ 710.985 ;;;;
CONTROLES DE ACCESO;LH5000;UND;"CERRADURA CON BLOQUEO TIPO HOTEL
 - DERECHA";;$ 634.142 ;$ 120.487 ;$ 754.629 ;CERRADURAS BIOMETRICAS;2;;;$ 317.071 ;;;;
CONTROLES DE ACCESO;ML10BID;UND;"CERRADURA INTELIGENTE SOPORTA BLUE-TOOTH GESTION DE
USUARIOS POR ZKBIOBT App";;$ 774.374 ;$ 147.131 ;$ 921.505 ;CERRADURAS BIOMETRICAS;2;;;$ 387.187 ;;;;
CONTROLES DE ACCESO;FL1000L;UND;Cerradura Izquierda con lector de tarjeta y reconocimiento Facial;;$ 1.658.914 ;$ 315.194 ;$ 1.974.108 ;CERRADURAS BIOMETRICAS;2;;;$ 829.457 ;;;;
CONTROLES DE ACCESO;FL1000R;UND;Cerradura derecha con lector de tarjeta y reconocimiento Facial;;$ 1.658.990 ;$ 315.208 ;$ 1.974.198 ;CERRADURAS BIOMETRICAS;2;;;$ 829.495 ;;;;
CONTROLES DE ACCESO;KR503E;UND;LECTOR DE TARJETA ESCLAVO;;$ 47.374 ;$ 9.001 ;$ 56.375 ;LECTORAS DE PROXIMIDAD;2;;;$ 23.687 ;;;;
CONTROLES DE ACCESO;KR600E;UND;LECTOR DE TARJETAS;;$ 70.514 ;$ 13.398 ;$ 83.912 ;LECTORAS DE PROXIMIDAD;2;;;$ 35.257 ;;;;
CONTROLES DE ACCESO;KR300;UND;LECTOR DE TARJETAS DE IDENTIFICACION;;$ 75.548 ;$ 14.354 ;$ 89.902 ;LECTORAS DE PROXIMIDAD;2;;;$ 37.774 ;;;;
CONTROLES DE ACCESO;K11;UND;"BOTON LIBERADOR SIN CONTACTO PARA CONTRACHAPAS/ RANGO DE
DETECCION HASTA 10 CM";;$ 77.144 ;$ 14.657 ;$ 91.801 ;LECTORAS DE PROXIMIDAD;2;;;$ 38.572 ;;;;
CONTROLES DE ACCESO;KR602E;UND;LECTOR DE TARJETAS;;$ 79.330 ;$ 15.073 ;$ 94.403 ;LECTORAS DE PROXIMIDAD;2;;;$ 39.665 ;;;;
CONTROLES DE ACCESO;PROID10BE;UND;"LECTOR DE TARJETA WEIGAND DE 26 O 34 bits IP65 7-13 DC
SOP.TARJETAS MIFARE DESFIRE FELICA O LEGIC";;$ 112.910 ;$ 21.453 ;$ 134.363 ;LECTORAS DE PROXIMIDAD;2;;;$ 56.455 ;;;;
CONTROLES DE ACCESO;KR503ERS;UND;"LECTORA DE TARJETA RFID 125KHz COMUNICACIÓN RS-485 DC12V
50mA";;$ 118.004 ;$ 22.421 ;$ 140.425 ;LECTORAS DE PROXIMIDAD;2;;;$ 59.002 ;;;;
CONTROLES DE ACCESO;ZK4500;UND;LECTORA DE HUELLA DACTILAR;;$ 220.352 ;$ 41.867 ;$ 262.219 ;LECTORAS DE PROXIMIDAD;2;;;$ 110.176 ;;;;
CONTROLES DE ACCESO;SKWV2ID;UND;LECTOR DE CONTRASEóA O TARJETA ANTI VANDALICO IP65.;;$ 254.136 ;$ 48.286 ;$ 302.422 ;LECTORAS DE PROXIMIDAD;2;;;$ 127.068 ;;;;
CONTROLES DE ACCESO;FR1200;UND;LECTORA BIOMETRICA ESCLAVA CON LECTORA DE PROXIMIDAD;;$ 373.774 ;$ 71.017 ;$ 444.791 ;LECTORAS DE PROXIMIDAD;2;;;$ 186.887 ;;;;
CONTROLES DE ACCESO;SR100ID;UND;LECTORA BIOMETRICA ESCLAVA CON LECTORA DE PROXIMIDAD;;$ 481.042 ;$ 91.398 ;$ 572.440 ;LECTORAS DE PROXIMIDAD;2;;;$ 240.521 ;;;;
CONTROLES DE ACCESO;AL180PU ;UND;"SOPORTE EN U PARA PUERTAS DE VIDRIO
 PARA AL180";;$ 25.664 ;$ 4.876 ;$ 30.540 ;ELECTROIMANES;2;;;$ 12.832 ;;;;
CONTROLES DE ACCESO;AL180PL;UND;SOPORTE EN L PARA AL180;;$ 26.622 ;$ 5.058 ;$ 31.680 ;ELECTROIMANES;2;;;$ 13.311 ;;;;
CONTROLES DE ACCESO;AL280PL;UND;SOPORTE EN L PARA AL280;;$ 28.632 ;$ 5.440 ;$ 34.072 ;ELECTROIMANES;2;;;$ 14.316 ;;;;
CONTROLES DE ACCESO;AL280PU;UND;"SOPORTE EN U PARA PUERTAS DE VIDRIO 
PARA AL280";;$ 28.632 ;$ 5.440 ;$ 34.072 ;ELECTROIMANES;2;;;$ 14.316 ;;;;
CONTROLES DE ACCESO;AL100PF;UND;"SOPORTE PARA ELECTROMAGNETICA DE PERNO PARA PUERTAS DE
VIDRIO PARA INSTALACION DEL PISTON";;$ 42.230 ;$ 8.024 ;$ 50.254 ;ELECTROIMANES;2;;;$ 21.115 ;;;;
CONTROLES DE ACCESO;AL280PZ;UND;SOPORTE EN Z PARA AL280;;$ 42.422 ;$ 8.060 ;$ 50.482 ;ELECTROIMANES;2;;;$ 21.211 ;;;;
CONTROLES DE ACCESO;AL500PL;UND;SOPORTE EN L PARA AL500;;$ 69.044 ;$ 13.118 ;$ 82.162 ;ELECTROIMANES;2;;;$ 34.522 ;;;;
CONTROLES DE ACCESO;AL200PZ;UND;"SOPORTE PARA ELECTROMAGNETICA DE PERNO PARA PUERTAS DE
VIDRIO PARA INSTALACION DE CERRADURA";;$ 69.234 ;$ 13.154 ;$ 82.388 ;ELECTROIMANES;2;;;$ 34.617 ;;;;
CONTROLES DE ACCESO;AL130;UND;"CANTONERA ESTANDAR EMPOTRADO: *DC12V * FUERZA DE PRESION
250Kg * PESO 0,37Kg";;$ 86.568 ;$ 16.448 ;$ 103.016 ;ELECTROIMANES;2;;;$ 43.284 ;;;;
CONTROLES DE ACCESO;AL500PU;UND;SOPORTE EN U PARA AL500;;$ 86.854 ;$ 16.502 ;$ 103.356 ;ELECTROIMANES;2;;;$ 43.427 ;;;;
CONTROLES DE ACCESO;AL500PZ;UND;SOPORTE EN Z PARA AL500;;$ 86.854 ;$ 16.502 ;$ 103.356 ;ELECTROIMANES;2;;;$ 43.427 ;;;;
CONTROLES DE ACCESO;AL131;UND;"CANTONERA DE BOCA ANCHA EMPOTRADO: *DC12V * FUERZA DE
PRESION 400Kg * PESO 0,38Kg";;$ 97.388 ;$ 18.504 ;$ 115.892 ;ELECTROIMANES;2;;;$ 48.694 ;;;;
CONTROLES DE ACCESO;AL100;UND;"CERRADURA ELECTROMAGNETICA DE PERNO (FUERZA DE PRESION
1000kg) -";;$ 124.106 ;$ 23.580 ;$ 147.686 ;ELECTROIMANES;2;;;$ 62.053 ;;;;
CONTROLES DE ACCESO;AL300;UND;"CERRADURA ELECTROMAGNETICA DE PERNO (FUERZA DE PRESION
1000kg LED EN ESTADO DE BLOQUEO";;$ 140.672 ;$ 26.728 ;$ 167.400 ;ELECTROIMANES;2;;;$ 70.336 ;;;;
CONTROLES DE ACCESO;AL500;UND;"ELECTROIMAN DC12/24V ENTRADA FUERZA DE RETENCIÓN: 500 KG
PESO: 4.48 KG LED INDICADOR";;$ 374.900 ;$ 71.231 ;$ 446.131 ;ELECTROIMANES;2;;;$ 187.450 ;;;;
CONTROLES DE ACCESO;C3400DEMOKIT;UND;DEMO KIT C3-400 2 LECTORAS FRFID WEIGAND ADAPTADOR;;$ 2.635.082 ;$ 500.666 ;$ 3.135.748 ;DEMO KIT;2;;;$ 1.317.541 ;;;;
CONTROLES DE ACCESO;INBIO460DEMOKIT;UND;DEMO KIT INBIO460 CON 2 FR1200 Y ADAPTADOR;;$ 4.341.958 ;$ 824.972 ;$ 5.166.930 ;DEMO KIT;2;;;$ 2.170.979 ;;;;
CONTROLES DE ACCESO;IDTHINCARD;UND;"TARJETA DE PROXIMIDAD DELGADA PARA
 CONTROL DE ACCESO CON CODIGO IMPRESO";;$ 1.146 ;$ 218 ;$ 1.364 ;TARJETAS DE PROXIMIDAD;2;;;$ 573 ;;;;
CONTROLES DE ACCESO;IDTHICKCARD;UND;"TARJETA DE PROXIMIDAD GRUESA PARA CONTROL DE ACCESO CON
CODIGO IMPRESO";;$ 1.410 ;$ 268 ;$ 1.678 ;TARJETAS DE PROXIMIDAD;2;;;$ 705 ;;;;
CONTROLES DE ACCESO;TAG03A;UND;"TARJETA DE PROXIMIDAD PARA CONTRO DE ACCESO TIPO LLAVERO
COLOR AZUL";;$ 1.586 ;$ 301 ;$ 1.887 ;TARJETAS DE PROXIMIDAD;2;;;$ 793 ;;;;
CONTROLES DE ACCESO;TAG03G;UND;"TARJETA DE PROXIMIDAD PARA CONTRO DE ACCESO TIPO LLAVERO
COLOR GRIS";;$ 1.586 ;$ 301 ;$ 1.887 ;TARJETAS DE PROXIMIDAD;2;;;$ 793 ;;;;
CONTROLES DE ACCESO;TS2022;UND;"TORNIQUETE CON PANEL DE ACCESO INBIOS 260 PRO Y LECTORES DE
HUELLA CON RFID";;$ 6.063.054 ;$ 1.151.980 ;$ 7.215.034 ;TORNIQUETE CON PANEL DE ACCESO;2;;;$ 3.031.527 ;;;;
CONTROLES DE ACCESO;DSK2604;UND;"CONTROL ACCESO 4 PUERTAS 100.000 TARJETAS 300.000 EVENTOS
TCP/IP Y RS485 8 LECT 485 DC12V/1A";;$ 1.347.012 ;$ 255.932 ;$ 1.602.944 ;CONTROLES DE ACCESO;2;;;$ 673.506 ;;;;
CONTROLES DE ACCESO;DSK1104MK;UND;"LECTOR DE TARJETAS MIFARE DIST 50 A 60mm CON TECLADO IP65
RS485 Y W34/W26 12VDC 500mA";;$ 359.204 ;$ 68.249 ;$ 427.453 ;LECTORAS DE PROXIMIDAD;2;;;$ 179.602 ;;;;
CONTROLES DE ACCESO;SIR24F;UND;"SIRENA PARA INTERIORES CON FLASH
 24V. 105 DBM.";;$ 130.356 ;$ 24.768 ;$ 155.124 ;SIRENAS;2;;;$ 65.178 ;;;;
CONTROLES DE ACCESO;SIRAYL;UND;"SIRENA DIGITAL MICROPROCESADA Y DIRECCIONABLE (CON AISLADOR
DE CORTOCIRCUITO) . LUZ ESTROBOSCOPICA.";;$ 396.192 ;$ 75.276 ;$ 471.468 ;SIRENAS;2;;;$ 198.096 ;;;;
SIRENAS;SS015D;UND;SIRENA 15W DECORATIVA PARA INTERIORES;;$ 15.600 ;$ 2.964 ;$ 18.564 ;SIRENAS;2;;;$ 7.800 ;;;;
SIRENAS;HCS55;UND;SIRENA CONICA 6-12V 15-20 W;;$ 17.638 ;$ 3.351 ;$ 20.989 ;SIRENAS;2;;;$ 8.819 ;;;;
SIRENAS;SS030;UND;SIRENA 30W CONICA DE DOS TONOS;;$ 38.418 ;$ 7.299 ;$ 45.717 ;SIRENAS;2;;;$ 19.209 ;;;;
HERRAMIENTAS;32820;UND;"SET DE LLAVES CRAFTSMAN DE COPA 80 
PIEZAS DE 1/4 Y 3/8";;$ 626.884 ;$ 119.108 ;$ 745.992 ;HERRAMIENTAS;2;;;$ 313.442 ;;;;
HERRAMIENTAS;33182;UND;"SET DE HERRAMIENTAS CRAFTSMAN MECANICAS CON CAJON DE
HERRAMIENTAS DE 3 COMPARTIMENTOS, 182 PIEZAS";;$ 1.160.808 ;$ 220.554 ;$ 1.381.362 ;HERRAMIENTAS;2;;;$ 580.404 ;;;;
HERRAMIENTAS;40263;UND;"SET DE HERRAMIENTAS MECANICAS CRAFTSMAN COMPUESTO POR
263 PIEZAS";;$ 1.337.094 ;$ 254.048 ;$ 1.591.142 ;HERRAMIENTAS;2;;;$ 668.547 ;;;;
